Customer ID,Age,Gender,Item Purchase,Category,Location,Size,Color,Review Rate,Subscription,Shipping Type,Discount,Payment,Frequency of Purchase
1,57,Female,Phone,Electronics,Lahore,L,Green,2,No,Standard,No,Card,Monthly
2,39,Male,Laptop,Accessories,Karachi,L,Green,5,No,Express,Yes,Cash,Yearly
3,53,Female,Phone,Accessories,Faisalabad,M,Green,3,Yes,Express,No,Card,Weekly
4,51,Female,Phone,Accessories,Islamabad,M,Green,3,Yes,Standard,No,Card,Monthly
5,42,Female,Watch,Electronics,Faisalabad,XL,Black,4,Yes,Express,Yes,Card,Yearly
6,53,Female,Headphones,Accessories,Rawalpindi,S,Black,4,Yes,Express,Yes,Card,Weekly
7,56,Female,Watch,Electronics,Faisalabad,XL,Red,4,Yes,Express,No,Online,Monthly
8,57,Male,Shirt,Clothing,Lahore,L,White,2,No,Express,No,Card,Monthly
9,39,Male,Laptop,Clothing,Islamabad,XL,Red,1,No,Express,Yes,Card,Monthly
10,20,Male,Phone,Clothing,Lahore,L,Green,5,Yes,Standard,Yes,Cash,Weekly
11,37,Male,Watch,Clothing,Rawalpindi,S,Green,2,Yes,Standard,No,Online,Weekly
12,23,Male,Headphones,Electronics,Faisalabad,M,Green,4,No,Standard,No,Cash,Monthly
13,38,Male,Watch,Accessories,Faisalabad,L,White,3,No,Express,No,Card,Yearly
14,46,Female,Shirt,Accessories,Rawalpindi,S,Black,1,No,Express,No,Card,Monthly
15,27,Female,Bag,Accessories,Faisalabad,S,Green,2,Yes,Express,Yes,Cash,Yearly
16,41,Male,Shoes,Clothing,Lahore,L,Blue,3,No,Standard,No,Cash,Yearly
17,38,Female,Laptop,Clothing,Islamabad,M,Red,3,Yes,Standard,No,Online,Monthly
18,20,Male,Bag,Accessories,Islamabad,S,Black,5,Yes,Express,Yes,Online,Yearly
19,26,Male,Headphones,Clothing,Lahore,M,Black,5,No,Express,Yes,Cash,Yearly
20,39,Female,Phone,Clothing,Karachi,XL,Blue,4,No,Standard,Yes,Card,Weekly
21,22,Female,Shirt,Accessories,Rawalpindi,L,Green,2,No,Express,Yes,Online,Weekly
22,53,Male,Shoes,Accessories,Faisalabad,S,White,5,Yes,Express,No,Card,Weekly
23,28,Female,Headphones,Accessories,Islamabad,XL,Black,4,No,Express,No,Cash,Yearly
24,35,Female,Watch,Electronics,Karachi,S,Green,3,Yes,Express,No,Online,Monthly
25,38,Male,Headphones,Clothing,Karachi,M,Blue,4,Yes,Standard,Yes,Cash,Yearly
26,21,Female,Shirt,Accessories,Karachi,S,Blue,3,No,Standard,Yes,Online,Monthly
27,39,Male,Bag,Electronics,Lahore,M,Black,3,No,Standard,Yes,Card,Yearly
28,22,Female,Shoes,Electronics,Islamabad,L,Black,1,Yes,Standard,Yes,Card,Monthly
29,28,Female,Headphones,Clothing,Islamabad,L,Blue,1,Yes,Standard,No,Card,Monthly
30,38,Female,Headphones,Accessories,Faisalabad,S,Green,3,Yes,Express,Yes,Card,Weekly
31,44,Male,Shoes,Clothing,Karachi,M,Black,4,No,Express,No,Card,Weekly
32,29,Male,Headphones,Accessories,Islamabad,S,Red,4,Yes,Express,No,Cash,Monthly
33,46,Female,Bag,Accessories,Rawalpindi,L,Green,5,No,Standard,Yes,Online,Yearly
34,22,Male,Shoes,Clothing,Faisalabad,XL,Green,5,No,Express,No,Card,Yearly
35,50,Female,Bag,Electronics,Rawalpindi,S,White,1,No,Standard,No,Online,Monthly
36,30,Female,Phone,Accessories,Rawalpindi,M,Green,5,No,Standard,Yes,Card,Yearly
37,53,Female,Bag,Accessories,Lahore,XL,Red,4,Yes,Express,No,Cash,Yearly
38,36,Female,Laptop,Clothing,Rawalpindi,M,White,1,No,Express,No,Cash,Monthly
39,56,Male,Phone,Clothing,Faisalabad,M,Green,5,No,Standard,No,Cash,Weekly
40,31,Male,Bag,Electronics,Rawalpindi,L,Black,1,No,Standard,No,Card,Yearly
41,60,Male,Shoes,Accessories,Islamabad,XL,White,3,Yes,Standard,Yes,Cash,Yearly
42,41,Female,Bag,Accessories,Lahore,XL,Black,4,Yes,Express,No,Cash,Monthly
43,57,Male,Shirt,Clothing,Faisalabad,M,Blue,2,Yes,Express,No,Cash,Monthly
44,50,Male,Phone,Electronics,Rawalpindi,XL,Black,3,Yes,Standard,Yes,Cash,Weekly
45,45,Female,Phone,Electronics,Lahore,XL,Green,3,No,Standard,Yes,Cash,Yearly
46,41,Male,Headphones,Clothing,Faisalabad,S,White,5,Yes,Standard,No,Online,Monthly
47,44,Male,Laptop,Clothing,Faisalabad,L,Red,4,Yes,Express,Yes,Card,Yearly
48,48,Female,Headphones,Electronics,Karachi,XL,Green,3,No,Express,No,Online,Yearly
49,35,Female,Bag,Accessories,Lahore,L,Green,1,Yes,Standard,No,Cash,Weekly
50,44,Female,Phone,Clothing,Lahore,M,Red,5,No,Express,Yes,Online,Monthly
51,45,Female,Bag,Accessories,Faisalabad,S,Black,4,Yes,Standard,No,Online,Monthly
52,36,Male,Phone,Accessories,Karachi,L,Blue,1,No,Express,No,Cash,Yearly
53,49,Male,Bag,Accessories,Lahore,S,Blue,1,No,Standard,No,Card,Yearly
54,37,Female,Headphones,Clothing,Faisalabad,S,Black,2,No,Standard,Yes,Online,Weekly
55,35,Female,Laptop,Electronics,Rawalpindi,S,Black,4,No,Express,Yes,Card,Weekly
56,19,Female,Laptop,Electronics,Islamabad,L,Blue,4,No,Express,No,Cash,Yearly
57,24,Male,Watch,Electronics,Karachi,M,Green,2,No,Standard,No,Card,Yearly
58,53,Male,Shirt,Accessories,Lahore,L,Green,2,Yes,Express,Yes,Online,Yearly
59,44,Female,Shoes,Clothing,Islamabad,S,White,4,No,Express,Yes,Card,Monthly
60,32,Male,Bag,Clothing,Islamabad,L,Blue,4,No,Standard,No,Online,Monthly
61,47,Male,Headphones,Electronics,Islamabad,XL,Black,2,Yes,Standard,No,Card,Yearly
62,29,Male,Shirt,Clothing,Rawalpindi,L,White,1,No,Express,No,Cash,Weekly
63,46,Male,Laptop,Clothing,Rawalpindi,L,Green,1,No,Express,Yes,Card,Yearly
64,37,Male,Shoes,Electronics,Rawalpindi,S,Red,4,Yes,Express,Yes,Online,Monthly
65,33,Male,Shoes,Clothing,Karachi,M,Black,3,No,Express,No,Online,Yearly
66,39,Female,Laptop,Electronics,Islamabad,XL,Black,3,Yes,Express,Yes,Online,Weekly
67,22,Female,Headphones,Accessories,Faisalabad,S,Black,2,No,Express,No,Cash,Monthly
68,22,Female,Laptop,Electronics,Lahore,XL,Blue,3,No,Standard,No,Card,Yearly
69,29,Male,Shoes,Clothing,Karachi,L,Black,4,Yes,Express,No,Cash,Yearly
70,48,Male,Shirt,Electronics,Lahore,XL,Black,5,No,Standard,Yes,Online,Weekly
71,21,Male,Phone,Accessories,Karachi,L,Red,2,Yes,Standard,Yes,Cash,Monthly
72,50,Male,Laptop,Accessories,Lahore,L,Black,3,No,Express,No,Cash,Yearly
73,20,Male,Shoes,Clothing,Karachi,XL,Green,1,Yes,Express,Yes,Card,Weekly
74,50,Male,Laptop,Accessories,Islamabad,XL,White,3,No,Express,Yes,Cash,Weekly
75,48,Male,Watch,Clothing,Islamabad,M,Red,3,No,Express,Yes,Online,Yearly
76,53,Male,Bag,Electronics,Islamabad,L,Red,2,No,Express,Yes,Card,Weekly
77,50,Male,Headphones,Accessories,Faisalabad,L,Green,5,No,Standard,No,Cash,Yearly
78,23,Female,Phone,Clothing,Faisalabad,S,Blue,3,Yes,Standard,No,Cash,Weekly
79,19,Female,Phone,Clothing,Lahore,XL,Green,4,Yes,Standard,Yes,Cash,Weekly
80,42,Female,Phone,Clothing,Faisalabad,S,Black,1,Yes,Express,Yes,Card,Monthly
81,43,Female,Shirt,Clothing,Rawalpindi,XL,Green,5,Yes,Standard,Yes,Card,Yearly
82,45,Female,Laptop,Clothing,Faisalabad,L,Black,4,Yes,Standard,No,Online,Weekly
83,58,Male,Watch,Electronics,Lahore,S,Red,2,No,Standard,No,Online,Weekly
84,25,Female,Headphones,Accessories,Faisalabad,M,Blue,3,Yes,Standard,No,Online,Monthly
85,31,Female,Shirt,Electronics,Rawalpindi,S,Black,2,Yes,Standard,No,Cash,Monthly
86,53,Female,Shoes,Clothing,Lahore,M,Blue,3,No,Express,Yes,Cash,Yearly
87,37,Male,Shoes,Electronics,Rawalpindi,M,Black,3,Yes,Standard,Yes,Card,Monthly
88,27,Female,Watch,Electronics,Rawalpindi,M,Blue,2,No,Express,Yes,Online,Weekly
89,18,Male,Headphones,Electronics,Lahore,XL,Red,4,No,Standard,No,Online,Yearly
90,32,Male,Shirt,Accessories,Faisalabad,S,White,2,Yes,Express,No,Online,Yearly
91,21,Male,Shirt,Electronics,Faisalabad,XL,Green,2,Yes,Express,Yes,Cash,Yearly
92,50,Male,Laptop,Clothing,Islamabad,S,Black,1,Yes,Standard,No,Card,Monthly
93,18,Female,Laptop,Clothing,Rawalpindi,M,Blue,2,Yes,Standard,Yes,Card,Yearly
94,32,Female,Shoes,Electronics,Karachi,S,Blue,3,Yes,Express,Yes,Card,Monthly
95,41,Male,Shirt,Electronics,Lahore,M,Green,3,Yes,Express,Yes,Card,Monthly
96,38,Female,Watch,Accessories,Lahore,M,Green,1,No,Express,No,Card,Weekly
97,25,Female,Shoes,Electronics,Karachi,L,Blue,3,Yes,Standard,No,Cash,Weekly
98,54,Male,Bag,Electronics,Lahore,XL,Black,5,No,Standard,Yes,Online,Monthly
99,60,Female,Shoes,Accessories,Islamabad,M,Blue,1,No,Standard,No,Cash,Yearly
100,52,Male,Bag,Electronics,Faisalabad,L,Green,2,Yes,Express,No,Online,Weekly
101,38,Male,Laptop,Accessories,Faisalabad,XL,White,4,Yes,Express,No,Card,Weekly
102,56,Male,Shoes,Accessories,Karachi,M,Red,3,No,Express,No,Online,Monthly
103,37,Male,Bag,Clothing,Lahore,M,Blue,3,Yes,Express,No,Online,Yearly
104,48,Male,Bag,Electronics,Rawalpindi,XL,Blue,5,Yes,Standard,Yes,Card,Yearly
105,56,Male,Headphones,Electronics,Karachi,M,Green,3,No,Standard,Yes,Cash,Monthly
106,19,Male,Shoes,Accessories,Faisalabad,L,Black,5,No,Express,Yes,Online,Yearly
107,52,Male,Watch,Electronics,Islamabad,M,Green,3,No,Standard,Yes,Cash,Weekly
108,54,Male,Bag,Accessories,Faisalabad,M,White,4,Yes,Standard,Yes,Online,Yearly
109,26,Male,Phone,Accessories,Faisalabad,XL,Blue,2,No,Standard,No,Online,Yearly
110,49,Male,Shirt,Clothing,Faisalabad,M,Green,2,No,Standard,No,Card,Weekly
111,59,Male,Headphones,Accessories,Lahore,S,Red,3,No,Express,Yes,Online,Yearly
112,37,Male,Phone,Clothing,Rawalpindi,XL,White,1,No,Express,Yes,Card,Weekly
113,37,Female,Shoes,Electronics,Islamabad,XL,White,5,Yes,Express,Yes,Card,Yearly
114,40,Male,Phone,Accessories,Karachi,XL,Blue,5,No,Standard,Yes,Cash,Monthly
115,53,Female,Headphones,Accessories,Rawalpindi,M,White,2,Yes,Standard,Yes,Card,Yearly
116,28,Female,Laptop,Accessories,Karachi,L,White,2,No,Standard,Yes,Online,Monthly
117,21,Female,Shirt,Clothing,Islamabad,M,Red,4,No,Standard,Yes,Cash,Yearly
118,26,Male,Phone,Clothing,Rawalpindi,S,White,2,No,Standard,Yes,Online,Monthly
119,26,Male,Shoes,Clothing,Faisalabad,XL,Black,5,No,Standard,No,Card,Weekly
120,47,Male,Laptop,Accessories,Rawalpindi,XL,White,3,Yes,Standard,Yes,Cash,Weekly
121,50,Male,Laptop,Accessories,Islamabad,M,Green,5,No,Express,Yes,Cash,Weekly
122,45,Male,Shirt,Clothing,Rawalpindi,S,White,1,Yes,Standard,Yes,Card,Weekly
123,29,Female,Phone,Accessories,Faisalabad,L,Red,4,Yes,Standard,Yes,Cash,Yearly
124,38,Female,Headphones,Electronics,Karachi,L,Blue,4,Yes,Express,No,Card,Weekly
125,18,Male,Shirt,Accessories,Lahore,S,Black,4,Yes,Express,No,Card,Weekly
126,38,Female,Shoes,Electronics,Lahore,M,Green,2,No,Standard,No,Cash,Weekly
127,37,Male,Bag,Clothing,Karachi,S,Blue,4,No,Express,No,Card,Weekly
128,56,Male,Shirt,Electronics,Faisalabad,S,Blue,3,No,Express,No,Cash,Weekly
129,55,Female,Headphones,Accessories,Faisalabad,L,Blue,2,No,Express,No,Card,Monthly
130,25,Male,Shirt,Clothing,Rawalpindi,L,Green,2,No,Express,No,Online,Monthly
131,46,Male,Shoes,Accessories,Rawalpindi,L,Black,3,No,Standard,No,Cash,Monthly
132,20,Female,Phone,Clothing,Islamabad,XL,White,1,Yes,Express,No,Online,Yearly
133,31,Male,Shoes,Clothing,Islamabad,S,Blue,3,No,Standard,No,Card,Weekly
134,27,Male,Headphones,Electronics,Islamabad,S,Blue,4,Yes,Standard,Yes,Cash,Monthly
135,55,Female,Shoes,Clothing,Karachi,L,Green,4,No,Express,Yes,Online,Yearly
136,55,Male,Phone,Clothing,Faisalabad,XL,Blue,4,No,Express,Yes,Cash,Weekly
137,35,Female,Headphones,Clothing,Rawalpindi,L,Green,2,No,Express,Yes,Card,Monthly
138,32,Male,Shirt,Electronics,Lahore,XL,White,1,Yes,Express,Yes,Online,Monthly
139,38,Female,Phone,Electronics,Rawalpindi,L,White,2,No,Express,No,Cash,Weekly
140,55,Female,Watch,Accessories,Faisalabad,XL,Black,1,No,Standard,No,Cash,Weekly
141,41,Female,Shirt,Electronics,Rawalpindi,XL,Green,1,No,Express,No,Cash,Monthly
142,49,Male,Headphones,Clothing,Lahore,M,Green,4,Yes,Express,Yes,Card,Yearly
143,47,Male,Watch,Electronics,Lahore,S,Blue,2,Yes,Standard,Yes,Cash,Monthly
144,21,Male,Phone,Clothing,Faisalabad,S,Red,2,Yes,Express,Yes,Cash,Yearly
145,55,Male,Headphones,Clothing,Karachi,S,White,3,No,Standard,Yes,Cash,Yearly
146,56,Male,Shoes,Electronics,Karachi,M,Blue,3,No,Standard,Yes,Online,Monthly
147,27,Female,Watch,Accessories,Rawalpindi,XL,Green,4,No,Express,Yes,Card,Monthly
148,37,Female,Headphones,Accessories,Rawalpindi,M,White,1,No,Express,No,Online,Weekly
149,40,Female,Phone,Clothing,Islamabad,L,White,4,No,Express,No,Cash,Yearly
150,54,Female,Headphones,Electronics,Faisalabad,XL,Black,1,No,Standard,Yes,Online,Yearly
151,18,Male,Phone,Accessories,Karachi,L,White,1,Yes,Express,No,Cash,Monthly
152,25,Female,Headphones,Accessories,Islamabad,M,White,2,Yes,Standard,No,Online,Yearly
153,33,Female,Shirt,Clothing,Lahore,M,Black,2,Yes,Express,No,Cash,Monthly
154,29,Female,Headphones,Clothing,Islamabad,S,White,2,No,Express,Yes,Online,Yearly
155,55,Female,Shoes,Clothing,Lahore,M,Black,5,Yes,Standard,Yes,Online,Yearly
156,54,Male,Phone,Clothing,Rawalpindi,XL,Black,4,Yes,Standard,No,Card,Weekly
157,32,Male,Bag,Electronics,Karachi,L,Blue,4,Yes,Standard,No,Online,Monthly
158,58,Male,Bag,Clothing,Rawalpindi,M,Green,2,Yes,Express,Yes,Online,Yearly
159,55,Male,Bag,Clothing,Islamabad,XL,Red,4,No,Express,No,Card,Weekly
160,56,Female,Phone,Clothing,Faisalabad,XL,White,3,Yes,Express,Yes,Cash,Yearly
161,27,Male,Headphones,Clothing,Lahore,L,Green,1,No,Standard,Yes,Cash,Yearly
162,25,Male,Shirt,Accessories,Faisalabad,XL,Blue,1,No,Express,Yes,Online,Monthly
163,38,Female,Phone,Accessories,Islamabad,L,Green,2,No,Standard,No,Online,Monthly
164,33,Male,Laptop,Electronics,Rawalpindi,M,Red,2,Yes,Standard,Yes,Online,Monthly
165,35,Female,Headphones,Electronics,Lahore,M,Green,3,Yes,Standard,Yes,Cash,Weekly
166,42,Female,Watch,Accessories,Islamabad,XL,White,5,No,Standard,Yes,Cash,Yearly
167,32,Female,Shirt,Electronics,Karachi,M,White,2,Yes,Express,No,Online,Yearly
168,34,Female,Shoes,Clothing,Rawalpindi,S,Blue,5,No,Standard,Yes,Cash,Yearly
169,22,Female,Laptop,Electronics,Lahore,S,White,4,Yes,Standard,Yes,Cash,Monthly
170,24,Male,Shirt,Clothing,Rawalpindi,L,Green,1,No,Express,No,Cash,Yearly
171,43,Female,Laptop,Clothing,Faisalabad,XL,White,4,Yes,Express,No,Card,Monthly
172,21,Female,Shoes,Accessories,Faisalabad,L,Red,1,Yes,Express,Yes,Online,Weekly
173,50,Female,Bag,Electronics,Faisalabad,S,Blue,1,Yes,Express,Yes,Card,Yearly
174,49,Male,Shirt,Accessories,Karachi,L,Black,5,Yes,Express,No,Cash,Monthly
175,48,Female,Shirt,Clothing,Rawalpindi,L,White,5,No,Express,No,Card,Weekly
176,60,Female,Bag,Clothing,Faisalabad,S,Blue,5,No,Express,No,Card,Yearly
177,34,Female,Watch,Accessories,Rawalpindi,XL,White,3,No,Express,Yes,Online,Monthly
178,55,Male,Phone,Clothing,Faisalabad,L,Green,3,Yes,Standard,Yes,Cash,Weekly
179,36,Female,Laptop,Accessories,Karachi,XL,Blue,5,No,Express,No,Card,Monthly
180,40,Male,Shoes,Clothing,Karachi,L,White,5,Yes,Standard,Yes,Online,Yearly
181,35,Female,Laptop,Accessories,Lahore,M,Green,4,No,Express,Yes,Online,Yearly
182,21,Female,Headphones,Clothing,Rawalpindi,L,Red,5,No,Standard,Yes,Card,Weekly
183,26,Male,Phone,Accessories,Islamabad,L,Blue,3,Yes,Standard,No,Online,Yearly
184,60,Female,Laptop,Electronics,Faisalabad,XL,Black,1,Yes,Express,No,Cash,Monthly
185,32,Female,Headphones,Electronics,Rawalpindi,L,Blue,4,No,Standard,Yes,Card,Monthly
186,20,Male,Bag,Electronics,Lahore,XL,Blue,2,No,Express,Yes,Cash,Yearly
187,37,Female,Bag,Accessories,Lahore,M,White,4,No,Express,No,Cash,Monthly
188,30,Female,Shoes,Electronics,Faisalabad,XL,Green,1,No,Standard,Yes,Cash,Weekly
189,51,Female,Laptop,Electronics,Faisalabad,L,Blue,2,Yes,Express,No,Online,Yearly
190,32,Female,Bag,Clothing,Faisalabad,L,White,3,No,Express,No,Card,Weekly
191,57,Female,Bag,Clothing,Rawalpindi,S,Green,3,Yes,Standard,Yes,Online,Monthly
192,34,Female,Phone,Accessories,Rawalpindi,XL,Black,5,No,Standard,No,Online,Weekly
193,36,Female,Shoes,Accessories,Lahore,XL,White,2,Yes,Standard,Yes,Card,Monthly
194,22,Female,Watch,Electronics,Faisalabad,XL,Blue,1,Yes,Express,No,Cash,Monthly
195,57,Female,Laptop,Accessories,Islamabad,XL,Black,5,No,Express,No,Online,Monthly
196,59,Male,Headphones,Clothing,Lahore,S,Black,4,No,Express,No,Online,Yearly
197,42,Male,Shirt,Clothing,Karachi,XL,Red,5,No,Express,Yes,Online,Monthly
198,49,Male,Shirt,Accessories,Lahore,L,Blue,2,Yes,Standard,No,Card,Yearly
199,57,Female,Phone,Accessories,Lahore,S,White,3,No,Standard,No,Card,Yearly
200,26,Female,Bag,Accessories,Lahore,M,Black,2,Yes,Express,No,Online,Yearly
201,57,Male,Watch,Accessories,Islamabad,M,Red,5,Yes,Express,No,Cash,Yearly
202,44,Female,Bag,Clothing,Lahore,S,Red,3,Yes,Standard,No,Online,Monthly
203,42,Female,Laptop,Clothing,Rawalpindi,M,Blue,1,Yes,Standard,Yes,Card,Weekly
204,38,Female,Shoes,Clothing,Lahore,XL,Black,5,Yes,Standard,No,Cash,Yearly
205,46,Male,Watch,Accessories,Rawalpindi,S,Green,3,No,Standard,No,Cash,Yearly
206,38,Female,Shoes,Clothing,Karachi,S,Green,2,Yes,Express,Yes,Card,Monthly
207,54,Male,Bag,Clothing,Faisalabad,L,White,2,No,Standard,Yes,Online,Yearly
208,29,Female,Headphones,Accessories,Lahore,L,Black,4,No,Express,Yes,Online,Weekly
209,25,Female,Shirt,Clothing,Karachi,L,Green,4,Yes,Express,Yes,Online,Monthly
210,26,Female,Bag,Clothing,Islamabad,M,Black,3,No,Standard,Yes,Card,Weekly
211,31,Female,Laptop,Electronics,Faisalabad,S,Green,5,Yes,Express,Yes,Online,Monthly
212,26,Male,Bag,Clothing,Rawalpindi,S,White,1,No,Standard,Yes,Card,Monthly
213,27,Male,Laptop,Accessories,Faisalabad,L,Blue,3,Yes,Express,Yes,Card,Weekly
214,53,Female,Bag,Electronics,Rawalpindi,XL,White,1,No,Express,Yes,Cash,Yearly
215,18,Male,Watch,Electronics,Faisalabad,XL,Green,4,No,Express,No,Card,Weekly
216,57,Female,Shoes,Accessories,Rawalpindi,L,White,5,Yes,Express,No,Online,Monthly
217,35,Male,Headphones,Accessories,Faisalabad,M,Green,1,No,Standard,No,Card,Weekly
218,49,Female,Watch,Clothing,Karachi,S,Green,4,Yes,Express,No,Cash,Monthly
219,27,Female,Bag,Electronics,Rawalpindi,L,Green,2,No,Standard,Yes,Online,Yearly
220,39,Male,Shoes,Clothing,Karachi,XL,White,5,No,Standard,No,Card,Weekly
221,51,Male,Headphones,Electronics,Lahore,S,Red,5,Yes,Standard,Yes,Cash,Yearly
222,18,Male,Watch,Clothing,Faisalabad,XL,Black,3,Yes,Express,No,Card,Monthly
223,27,Female,Headphones,Accessories,Islamabad,M,Blue,2,Yes,Standard,No,Cash,Monthly
224,37,Female,Phone,Clothing,Rawalpindi,S,Green,4,Yes,Express,Yes,Cash,Weekly
225,59,Male,Laptop,Clothing,Islamabad,L,Blue,3,No,Standard,No,Cash,Weekly
226,49,Female,Watch,Electronics,Karachi,L,Blue,4,Yes,Standard,No,Card,Weekly
227,30,Female,Watch,Clothing,Rawalpindi,XL,Green,3,Yes,Express,No,Online,Weekly
228,54,Female,Shirt,Electronics,Faisalabad,S,White,4,No,Standard,No,Card,Yearly
229,53,Female,Shoes,Electronics,Lahore,L,Blue,5,Yes,Express,No,Card,Yearly
230,37,Female,Headphones,Accessories,Faisalabad,XL,Red,4,Yes,Standard,No,Cash,Weekly
231,33,Female,Laptop,Accessories,Karachi,S,White,2,No,Express,Yes,Online,Weekly
232,40,Male,Shirt,Electronics,Lahore,M,Red,2,No,Standard,No,Card,Yearly
233,25,Female,Shirt,Clothing,Faisalabad,XL,Green,5,Yes,Express,Yes,Online,Yearly
234,27,Male,Shoes,Electronics,Islamabad,M,White,2,No,Standard,Yes,Card,Weekly
235,48,Female,Phone,Accessories,Karachi,M,Black,5,No,Express,No,Card,Yearly
236,55,Male,Laptop,Electronics,Rawalpindi,M,Green,3,No,Express,No,Card,Weekly
237,18,Female,Shirt,Electronics,Lahore,M,Green,1,No,Standard,Yes,Card,Weekly
238,33,Male,Shirt,Accessories,Rawalpindi,S,Black,5,Yes,Express,No,Online,Weekly
239,39,Male,Shirt,Accessories,Islamabad,M,Blue,2,Yes,Express,No,Cash,Monthly
240,45,Male,Bag,Electronics,Islamabad,L,Black,2,Yes,Express,Yes,Card,Monthly
241,18,Female,Laptop,Clothing,Islamabad,XL,Red,2,Yes,Express,Yes,Cash,Monthly
242,47,Male,Bag,Electronics,Faisalabad,L,Blue,5,No,Express,No,Card,Monthly
243,21,Female,Phone,Clothing,Karachi,XL,Red,5,Yes,Express,No,Card,Monthly
244,27,Male,Phone,Clothing,Islamabad,L,White,5,Yes,Standard,Yes,Online,Monthly
245,34,Male,Shirt,Accessories,Faisalabad,S,Black,3,Yes,Standard,No,Card,Weekly
246,45,Male,Headphones,Electronics,Rawalpindi,XL,Blue,2,No,Express,No,Online,Yearly
247,56,Male,Bag,Clothing,Karachi,S,White,2,No,Express,No,Cash,Weekly
248,48,Female,Phone,Accessories,Lahore,L,Black,4,Yes,Standard,Yes,Online,Weekly
249,26,Female,Shirt,Accessories,Karachi,XL,Green,5,Yes,Standard,Yes,Online,Weekly
250,35,Female,Bag,Accessories,Karachi,L,Black,3,Yes,Express,Yes,Online,Monthly
251,26,Female,Laptop,Electronics,Islamabad,XL,Green,4,No,Express,Yes,Card,Yearly
252,52,Female,Shoes,Clothing,Lahore,M,Red,2,Yes,Standard,Yes,Card,Yearly
253,45,Female,Shoes,Accessories,Karachi,XL,Blue,1,No,Standard,Yes,Cash,Yearly
254,56,Female,Phone,Electronics,Lahore,L,Black,2,No,Standard,Yes,Online,Yearly
255,42,Female,Laptop,Clothing,Rawalpindi,XL,White,4,Yes,Express,No,Card,Monthly
256,23,Female,Shoes,Electronics,Faisalabad,M,Red,2,No,Standard,Yes,Cash,Monthly
257,24,Female,Watch,Accessories,Lahore,L,Blue,4,Yes,Express,No,Cash,Weekly
258,32,Male,Headphones,Electronics,Faisalabad,L,Black,2,No,Express,No,Card,Monthly
259,53,Female,Shirt,Accessories,Lahore,L,Red,3,Yes,Standard,No,Cash,Weekly
260,30,Male,Laptop,Clothing,Rawalpindi,XL,White,1,No,Express,Yes,Online,Monthly
261,59,Female,Headphones,Accessories,Islamabad,S,Red,5,Yes,Standard,No,Online,Monthly
262,31,Female,Shoes,Accessories,Faisalabad,M,Blue,5,No,Standard,No,Online,Yearly
263,57,Female,Watch,Clothing,Lahore,S,Black,2,No,Express,No,Online,Monthly
264,31,Female,Shirt,Accessories,Karachi,L,Red,3,Yes,Standard,No,Cash,Monthly
265,43,Male,Phone,Clothing,Faisalabad,XL,White,1,No,Express,Yes,Cash,Yearly
266,50,Female,Bag,Clothing,Islamabad,L,Black,2,No,Standard,Yes,Card,Monthly
267,37,Male,Watch,Electronics,Islamabad,XL,Black,4,Yes,Express,Yes,Online,Weekly
268,44,Female,Shoes,Clothing,Islamabad,XL,Black,4,Yes,Standard,Yes,Online,Yearly
269,34,Female,Phone,Clothing,Rawalpindi,M,Black,5,Yes,Express,Yes,Card,Yearly
270,56,Female,Bag,Accessories,Islamabad,XL,Black,4,Yes,Express,No,Online,Weekly
271,18,Male,Laptop,Accessories,Karachi,M,Blue,5,Yes,Standard,No,Cash,Monthly
272,27,Male,Shirt,Electronics,Rawalpindi,M,Blue,5,Yes,Express,No,Online,Yearly
273,44,Female,Laptop,Electronics,Faisalabad,S,Blue,3,Yes,Express,No,Cash,Monthly
274,31,Female,Phone,Electronics,Islamabad,M,Black,4,Yes,Express,No,Card,Weekly
275,29,Female,Headphones,Accessories,Lahore,S,Red,5,No,Standard,No,Card,Weekly
276,26,Male,Bag,Accessories,Rawalpindi,S,Green,5,Yes,Express,No,Card,Monthly
277,49,Female,Shoes,Accessories,Faisalabad,M,White,5,No,Express,Yes,Card,Yearly
278,46,Male,Phone,Accessories,Islamabad,S,Red,5,No,Standard,No,Cash,Weekly
279,36,Female,Watch,Accessories,Lahore,XL,Green,2,Yes,Express,Yes,Cash,Weekly
280,53,Male,Bag,Accessories,Karachi,S,Blue,3,Yes,Express,Yes,Online,Weekly
281,29,Male,Bag,Electronics,Rawalpindi,S,Blue,2,No,Standard,Yes,Online,Weekly
282,43,Male,Shirt,Clothing,Faisalabad,M,Red,5,No,Express,No,Online,Yearly
283,35,Female,Watch,Clothing,Islamabad,L,Green,4,No,Express,No,Cash,Yearly
284,31,Male,Bag,Clothing,Faisalabad,XL,Black,5,No,Express,No,Online,Weekly
285,19,Male,Phone,Accessories,Islamabad,XL,Blue,5,Yes,Express,No,Online,Yearly
286,31,Female,Shirt,Clothing,Islamabad,M,Green,3,No,Standard,No,Card,Yearly
287,24,Male,Laptop,Clothing,Islamabad,L,Black,1,Yes,Express,Yes,Cash,Weekly
288,45,Male,Phone,Accessories,Lahore,M,Red,4,Yes,Express,No,Online,Yearly
289,53,Female,Shirt,Clothing,Islamabad,S,Green,2,No,Express,No,Online,Monthly
290,43,Female,Shoes,Electronics,Karachi,L,Red,1,No,Express,No,Card,Monthly
291,29,Male,Bag,Accessories,Faisalabad,XL,Red,1,Yes,Express,Yes,Online,Monthly
292,31,Female,Shoes,Clothing,Lahore,S,White,1,Yes,Express,Yes,Card,Monthly
293,24,Male,Laptop,Electronics,Lahore,S,Red,5,No,Standard,No,Card,Weekly
294,38,Male,Watch,Accessories,Lahore,XL,Blue,4,No,Standard,Yes,Cash,Monthly
295,40,Male,Laptop,Accessories,Faisalabad,M,Green,4,Yes,Standard,No,Cash,Yearly
296,48,Male,Headphones,Clothing,Rawalpindi,XL,White,2,No,Express,Yes,Card,Monthly
297,47,Male,Shoes,Accessories,Rawalpindi,S,Black,4,No,Express,No,Online,Yearly
298,30,Male,Laptop,Clothing,Rawalpindi,S,White,1,Yes,Standard,No,Card,Monthly
299,42,Female,Bag,Clothing,Islamabad,XL,White,3,No,Standard,No,Online,Weekly
300,19,Male,Shoes,Clothing,Rawalpindi,M,Black,5,No,Standard,Yes,Cash,Weekly
301,42,Male,Laptop,Electronics,Karachi,S,White,1,No,Standard,Yes,Online,Weekly
302,34,Male,Watch,Clothing,Rawalpindi,M,White,3,Yes,Standard,Yes,Online,Monthly
303,52,Female,Bag,Clothing,Faisalabad,XL,Green,1,No,Standard,No,Online,Monthly
304,58,Female,Bag,Electronics,Lahore,L,Black,5,Yes,Express,No,Card,Monthly
305,44,Male,Laptop,Electronics,Karachi,M,Green,1,No,Standard,Yes,Card,Yearly
306,48,Male,Shoes,Accessories,Faisalabad,L,Blue,4,Yes,Standard,No,Card,Monthly
307,43,Male,Shirt,Accessories,Lahore,L,White,3,No,Express,No,Cash,Weekly
308,36,Male,Watch,Clothing,Faisalabad,M,Blue,4,No,Express,No,Online,Weekly
309,24,Male,Phone,Accessories,Lahore,L,Black,1,No,Standard,No,Card,Monthly
310,44,Male,Shirt,Clothing,Karachi,XL,Blue,5,Yes,Express,No,Card,Yearly
311,20,Male,Bag,Accessories,Karachi,XL,Red,3,No,Express,No,Card,Weekly
312,37,Male,Bag,Clothing,Lahore,M,White,2,Yes,Standard,No,Cash,Weekly
313,29,Male,Phone,Accessories,Islamabad,M,Red,4,Yes,Standard,Yes,Online,Yearly
314,48,Female,Shoes,Accessories,Karachi,XL,Blue,2,No,Express,No,Cash,Yearly
315,18,Female,Bag,Electronics,Islamabad,S,White,3,Yes,Standard,Yes,Cash,Weekly
316,54,Male,Headphones,Accessories,Lahore,S,Red,5,Yes,Express,Yes,Card,Yearly
317,57,Male,Laptop,Electronics,Lahore,M,Red,5,Yes,Express,Yes,Cash,Monthly
318,25,Male,Watch,Clothing,Rawalpindi,S,Green,3,Yes,Standard,Yes,Card,Weekly
319,31,Male,Watch,Accessories,Karachi,S,White,3,Yes,Standard,Yes,Cash,Monthly
320,51,Female,Watch,Clothing,Faisalabad,L,Black,2,No,Standard,No,Cash,Monthly
321,28,Male,Laptop,Electronics,Rawalpindi,XL,Black,2,Yes,Express,Yes,Card,Weekly
322,38,Male,Shoes,Electronics,Islamabad,S,Red,5,Yes,Express,Yes,Online,Yearly
323,23,Male,Bag,Electronics,Faisalabad,XL,Blue,1,Yes,Standard,Yes,Cash,Monthly
324,31,Male,Watch,Accessories,Faisalabad,M,White,3,Yes,Express,Yes,Cash,Monthly
325,25,Male,Phone,Accessories,Islamabad,M,Blue,4,Yes,Express,Yes,Cash,Weekly
326,46,Male,Shirt,Clothing,Faisalabad,XL,White,5,No,Standard,No,Cash,Weekly
327,57,Male,Laptop,Electronics,Lahore,XL,Red,5,No,Express,Yes,Online,Monthly
328,27,Female,Bag,Electronics,Lahore,XL,White,4,Yes,Standard,Yes,Card,Monthly
329,41,Male,Phone,Clothing,Islamabad,XL,Black,3,No,Standard,Yes,Card,Yearly
330,40,Female,Laptop,Accessories,Lahore,L,Black,4,No,Standard,No,Cash,Yearly
331,37,Female,Watch,Accessories,Karachi,M,Blue,4,No,Express,Yes,Card,Monthly
332,60,Male,Watch,Electronics,Rawalpindi,XL,Blue,2,Yes,Standard,No,Card,Yearly
333,42,Male,Shoes,Electronics,Lahore,S,White,2,Yes,Standard,Yes,Cash,Monthly
334,60,Female,Watch,Electronics,Faisalabad,S,Green,4,No,Standard,No,Online,Yearly
335,19,Female,Shoes,Clothing,Islamabad,S,Green,5,No,Express,No,Online,Weekly
336,59,Male,Headphones,Accessories,Faisalabad,M,Black,1,No,Standard,No,Card,Monthly
337,58,Male,Headphones,Clothing,Rawalpindi,S,White,4,No,Standard,Yes,Card,Weekly
338,39,Male,Phone,Accessories,Karachi,S,Black,4,No,Express,Yes,Cash,Monthly
339,19,Female,Phone,Electronics,Rawalpindi,M,Red,4,Yes,Express,Yes,Cash,Monthly
340,51,Female,Bag,Electronics,Rawalpindi,M,Black,3,Yes,Standard,No,Cash,Yearly
341,46,Male,Headphones,Clothing,Islamabad,M,White,5,No,Express,No,Card,Monthly
342,46,Male,Shoes,Electronics,Faisalabad,M,Black,4,No,Standard,No,Online,Weekly
343,58,Female,Shirt,Electronics,Rawalpindi,S,Red,2,Yes,Express,No,Online,Monthly
344,19,Male,Phone,Accessories,Faisalabad,M,Black,2,Yes,Standard,No,Card,Monthly
345,31,Male,Bag,Clothing,Lahore,XL,Blue,1,No,Standard,No,Online,Weekly
346,60,Female,Headphones,Clothing,Faisalabad,M,Blue,2,No,Standard,No,Online,Monthly
347,38,Female,Laptop,Accessories,Rawalpindi,M,Black,1,Yes,Standard,Yes,Card,Monthly
348,58,Male,Watch,Accessories,Rawalpindi,M,Black,1,No,Standard,Yes,Online,Yearly
349,24,Male,Shirt,Clothing,Faisalabad,S,Red,3,No,Standard,No,Cash,Yearly
350,45,Male,Headphones,Electronics,Lahore,M,Black,4,No,Express,No,Online,Monthly
351,26,Male,Watch,Electronics,Rawalpindi,S,White,3,No,Express,No,Online,Weekly
352,53,Female,Phone,Clothing,Faisalabad,M,Red,4,Yes,Standard,Yes,Card,Monthly
353,45,Male,Bag,Clothing,Rawalpindi,L,White,3,No,Express,No,Online,Yearly
354,57,Female,Watch,Accessories,Karachi,S,Black,3,Yes,Standard,Yes,Online,Yearly
355,51,Male,Bag,Electronics,Faisalabad,S,Black,5,No,Express,No,Card,Weekly
356,25,Female,Laptop,Electronics,Rawalpindi,M,Green,4,No,Express,No,Online,Monthly
357,18,Female,Watch,Accessories,Karachi,S,Green,5,Yes,Express,Yes,Card,Monthly
358,19,Male,Phone,Electronics,Lahore,M,Black,3,No,Standard,Yes,Online,Monthly
359,28,Male,Bag,Accessories,Lahore,M,Blue,2,Yes,Standard,Yes,Card,Weekly
360,21,Male,Shirt,Clothing,Islamabad,M,Green,2,No,Standard,Yes,Cash,Weekly
361,29,Female,Shirt,Accessories,Rawalpindi,L,White,4,Yes,Standard,No,Online,Weekly
362,23,Male,Laptop,Accessories,Lahore,XL,White,4,No,Standard,Yes,Cash,Weekly
363,56,Female,Phone,Accessories,Lahore,XL,Black,5,No,Standard,No,Cash,Weekly
364,51,Male,Bag,Accessories,Rawalpindi,S,Green,1,No,Standard,No,Cash,Monthly
365,28,Male,Laptop,Accessories,Karachi,M,Green,2,No,Standard,Yes,Online,Monthly
366,27,Female,Bag,Electronics,Islamabad,S,Green,3,Yes,Standard,No,Online,Weekly
367,58,Female,Bag,Electronics,Karachi,XL,Green,3,No,Standard,Yes,Cash,Yearly
368,58,Female,Bag,Accessories,Islamabad,M,Green,3,No,Express,No,Card,Weekly
369,33,Female,Laptop,Electronics,Lahore,M,Blue,2,No,Express,Yes,Card,Weekly
370,58,Male,Watch,Electronics,Rawalpindi,S,Red,2,No,Standard,No,Cash,Weekly
371,60,Male,Phone,Accessories,Karachi,XL,White,2,Yes,Express,Yes,Card,Weekly
372,39,Male,Headphones,Accessories,Lahore,S,Blue,2,No,Standard,No,Cash,Monthly
373,56,Female,Phone,Clothing,Rawalpindi,S,Blue,2,Yes,Express,No,Cash,Monthly
374,33,Female,Headphones,Accessories,Faisalabad,XL,White,5,No,Standard,Yes,Card,Yearly
375,48,Female,Laptop,Accessories,Islamabad,XL,Blue,1,No,Standard,Yes,Card,Monthly
376,35,Male,Phone,Electronics,Rawalpindi,XL,White,2,No,Standard,Yes,Online,Weekly
377,49,Female,Watch,Accessories,Lahore,L,Blue,5,No,Express,Yes,Online,Monthly
378,18,Male,Shirt,Accessories,Rawalpindi,S,Green,1,No,Standard,No,Online,Monthly
379,37,Male,Watch,Clothing,Lahore,XL,Green,1,No,Express,No,Online,Yearly
380,58,Male,Headphones,Accessories,Faisalabad,S,Black,4,Yes,Express,Yes,Online,Monthly
381,47,Male,Laptop,Clothing,Rawalpindi,S,Green,2,Yes,Express,No,Online,Yearly
382,42,Male,Laptop,Accessories,Islamabad,S,Black,5,No,Standard,No,Cash,Monthly
383,18,Male,Shirt,Electronics,Faisalabad,M,Red,3,Yes,Standard,No,Online,Yearly
384,50,Female,Headphones,Accessories,Faisalabad,S,Black,4,Yes,Standard,No,Online,Weekly
385,32,Male,Headphones,Accessories,Karachi,L,Blue,3,No,Express,No,Card,Weekly
386,40,Male,Phone,Electronics,Faisalabad,XL,Green,2,Yes,Standard,No,Online,Yearly
387,45,Female,Laptop,Clothing,Faisalabad,XL,Green,3,No,Express,Yes,Online,Weekly
388,60,Female,Shoes,Clothing,Islamabad,M,Red,3,No,Express,Yes,Card,Yearly
389,43,Female,Shirt,Clothing,Islamabad,M,Blue,3,Yes,Standard,No,Online,Yearly
390,49,Female,Watch,Accessories,Karachi,XL,Blue,5,No,Express,No,Online,Monthly
391,31,Male,Headphones,Electronics,Lahore,S,Red,1,No,Express,Yes,Online,Weekly
392,44,Female,Bag,Accessories,Karachi,M,Green,3,Yes,Standard,Yes,Online,Weekly
393,22,Male,Shoes,Clothing,Rawalpindi,M,Blue,3,Yes,Standard,Yes,Online,Weekly
394,29,Female,Shirt,Clothing,Karachi,L,Red,2,No,Standard,No,Online,Weekly
395,44,Female,Shoes,Electronics,Faisalabad,S,Red,4,No,Express,Yes,Cash,Yearly
396,24,Male,Headphones,Electronics,Islamabad,S,Red,1,No,Standard,No,Online,Monthly
397,28,Female,Phone,Electronics,Rawalpindi,XL,Black,5,Yes,Standard,No,Cash,Monthly
398,60,Female,Watch,Clothing,Rawalpindi,XL,Red,2,No,Standard,No,Card,Weekly
399,50,Male,Laptop,Clothing,Islamabad,XL,Black,3,Yes,Express,No,Cash,Weekly
400,29,Female,Shoes,Accessories,Karachi,S,Green,1,No,Standard,Yes,Cash,Weekly
401,38,Male,Laptop,Accessories,Lahore,L,Green,2,No,Standard,No,Online,Weekly
402,28,Female,Phone,Electronics,Rawalpindi,L,Black,4,No,Standard,No,Cash,Yearly
403,32,Male,Watch,Accessories,Faisalabad,S,Red,2,No,Standard,Yes,Cash,Weekly
404,39,Male,Phone,Accessories,Karachi,XL,White,5,Yes,Express,No,Cash,Monthly
405,59,Male,Laptop,Electronics,Faisalabad,M,Black,5,Yes,Standard,Yes,Online,Monthly
406,26,Female,Shoes,Accessories,Rawalpindi,XL,Red,4,Yes,Express,Yes,Online,Monthly
407,57,Female,Shoes,Electronics,Rawalpindi,XL,Black,1,Yes,Express,Yes,Online,Monthly
408,36,Male,Headphones,Electronics,Karachi,M,Blue,2,Yes,Express,Yes,Online,Weekly
409,59,Female,Shirt,Electronics,Rawalpindi,M,Black,2,Yes,Standard,Yes,Cash,Yearly
410,42,Female,Headphones,Electronics,Karachi,L,Blue,3,No,Express,Yes,Cash,Yearly
411,18,Male,Bag,Accessories,Faisalabad,S,Black,4,No,Express,Yes,Cash,Yearly
412,36,Male,Bag,Accessories,Karachi,M,Red,5,No,Standard,No,Card,Yearly
413,25,Male,Shoes,Electronics,Faisalabad,XL,White,3,No,Standard,No,Cash,Monthly
414,27,Female,Shirt,Electronics,Islamabad,M,Green,1,No,Standard,No,Card,Weekly
415,43,Male,Phone,Accessories,Rawalpindi,XL,Black,3,Yes,Express,Yes,Card,Monthly
416,44,Female,Bag,Clothing,Karachi,M,Green,1,Yes,Standard,Yes,Cash,Yearly
417,55,Male,Headphones,Electronics,Islamabad,M,Red,5,Yes,Express,Yes,Cash,Yearly
418,24,Female,Watch,Clothing,Faisalabad,L,Green,2,No,Express,Yes,Online,Monthly
419,35,Male,Watch,Clothing,Islamabad,M,White,5,No,Express,Yes,Cash,Monthly
420,22,Male,Watch,Electronics,Karachi,S,Black,3,Yes,Express,Yes,Cash,Yearly
421,58,Female,Phone,Clothing,Rawalpindi,XL,Black,5,No,Express,No,Cash,Yearly
422,43,Female,Bag,Clothing,Rawalpindi,L,Red,3,Yes,Standard,Yes,Card,Weekly
423,35,Male,Phone,Electronics,Lahore,L,Green,1,No,Express,No,Online,Monthly
424,49,Female,Phone,Electronics,Lahore,L,Red,5,Yes,Standard,Yes,Cash,Weekly
425,43,Male,Shoes,Accessories,Karachi,XL,Red,4,Yes,Standard,Yes,Cash,Yearly
426,48,Female,Laptop,Accessories,Rawalpindi,S,White,3,Yes,Standard,No,Cash,Monthly
427,44,Female,Laptop,Clothing,Lahore,M,Black,1,No,Standard,No,Online,Weekly
428,50,Male,Laptop,Clothing,Rawalpindi,S,Black,1,No,Standard,Yes,Card,Yearly
429,60,Male,Bag,Clothing,Rawalpindi,M,Blue,5,No,Standard,No,Online,Monthly
430,56,Male,Phone,Accessories,Karachi,M,Green,5,Yes,Standard,Yes,Card,Yearly
431,58,Male,Shirt,Clothing,Rawalpindi,M,Blue,4,Yes,Standard,Yes,Online,Weekly
432,43,Female,Watch,Clothing,Rawalpindi,XL,Blue,1,Yes,Standard,No,Cash,Monthly
433,29,Male,Laptop,Clothing,Rawalpindi,XL,Green,1,Yes,Express,No,Cash,Monthly
434,46,Male,Shirt,Clothing,Islamabad,M,Black,3,No,Express,Yes,Card,Yearly
435,56,Male,Shoes,Clothing,Faisalabad,M,Black,4,No,Standard,No,Online,Monthly
436,39,Female,Shoes,Accessories,Lahore,S,Blue,3,Yes,Standard,No,Cash,Yearly
437,23,Female,Phone,Clothing,Islamabad,M,Red,2,No,Express,Yes,Card,Yearly
438,36,Male,Shoes,Accessories,Faisalabad,S,Green,2,No,Express,Yes,Cash,Yearly
439,26,Male,Shirt,Electronics,Lahore,L,Blue,2,No,Standard,Yes,Cash,Monthly
440,31,Male,Shoes,Clothing,Faisalabad,M,Red,4,Yes,Express,Yes,Cash,Yearly
441,60,Female,Laptop,Electronics,Lahore,S,White,3,No,Express,No,Cash,Yearly
442,48,Male,Shoes,Accessories,Faisalabad,L,Blue,5,Yes,Standard,Yes,Card,Monthly
443,52,Male,Watch,Clothing,Rawalpindi,XL,Green,1,Yes,Standard,No,Card,Weekly
444,55,Male,Shoes,Electronics,Faisalabad,S,Red,3,Yes,Express,No,Online,Monthly
445,31,Male,Bag,Clothing,Karachi,M,Blue,1,Yes,Express,No,Card,Weekly
446,24,Male,Laptop,Clothing,Lahore,S,Red,1,Yes,Standard,No,Online,Yearly
447,45,Female,Bag,Clothing,Lahore,XL,Green,4,Yes,Express,No,Cash,Weekly
448,43,Female,Bag,Accessories,Karachi,L,Green,3,No,Express,Yes,Cash,Monthly
449,22,Female,Bag,Accessories,Rawalpindi,L,Black,4,No,Standard,Yes,Online,Monthly
450,21,Male,Laptop,Electronics,Islamabad,XL,Blue,3,Yes,Express,No,Online,Weekly
451,41,Male,Shoes,Clothing,Faisalabad,XL,Black,5,Yes,Standard,No,Card,Weekly
452,31,Female,Watch,Accessories,Rawalpindi,S,Blue,1,No,Express,Yes,Online,Yearly
453,39,Male,Shoes,Clothing,Islamabad,XL,Blue,1,Yes,Standard,Yes,Card,Yearly
454,42,Female,Headphones,Electronics,Lahore,L,Blue,2,Yes,Express,No,Card,Monthly
455,34,Male,Shirt,Clothing,Islamabad,M,Red,2,Yes,Express,Yes,Card,Yearly
456,32,Female,Phone,Accessories,Karachi,S,Blue,5,Yes,Standard,No,Card,Weekly
457,49,Male,Headphones,Electronics,Faisalabad,M,Black,3,No,Standard,Yes,Cash,Weekly
458,22,Male,Bag,Clothing,Islamabad,M,Green,2,Yes,Standard,No,Card,Yearly
459,49,Female,Phone,Electronics,Rawalpindi,S,Green,1,No,Standard,Yes,Cash,Yearly
460,43,Female,Phone,Clothing,Faisalabad,L,Blue,4,No,Express,No,Card,Yearly
461,58,Male,Shoes,Clothing,Islamabad,XL,Green,3,No,Express,No,Online,Monthly
462,54,Female,Laptop,Electronics,Rawalpindi,M,Blue,2,Yes,Standard,No,Cash,Weekly
463,48,Male,Laptop,Accessories,Lahore,M,Red,1,Yes,Express,Yes,Cash,Weekly
464,44,Female,Bag,Accessories,Faisalabad,M,Blue,3,No,Standard,Yes,Card,Weekly
465,35,Male,Bag,Electronics,Lahore,M,White,4,No,Standard,Yes,Online,Monthly
466,27,Female,Shoes,Accessories,Rawalpindi,S,Red,3,Yes,Standard,Yes,Online,Monthly
467,49,Female,Bag,Accessories,Faisalabad,S,Black,3,No,Standard,Yes,Card,Yearly
468,37,Male,Bag,Clothing,Rawalpindi,S,Red,1,Yes,Express,No,Card,Yearly
469,41,Male,Shoes,Electronics,Faisalabad,L,Black,2,Yes,Standard,No,Cash,Yearly
470,39,Male,Shirt,Electronics,Rawalpindi,XL,White,4,No,Express,No,Cash,Yearly
471,51,Female,Watch,Electronics,Rawalpindi,XL,Blue,4,No,Express,Yes,Online,Weekly
472,44,Female,Phone,Clothing,Islamabad,L,Blue,3,Yes,Standard,Yes,Online,Monthly
473,29,Male,Bag,Accessories,Rawalpindi,XL,White,2,No,Express,Yes,Online,Weekly
474,37,Male,Phone,Electronics,Faisalabad,L,Red,2,No,Standard,Yes,Online,Yearly
475,38,Male,Shoes,Accessories,Rawalpindi,XL,White,5,Yes,Express,Yes,Cash,Monthly
476,18,Male,Bag,Clothing,Lahore,S,White,5,Yes,Standard,No,Online,Weekly
477,43,Female,Shoes,Electronics,Islamabad,M,Black,3,No,Express,Yes,Card,Monthly
478,58,Male,Shoes,Accessories,Faisalabad,L,Red,1,No,Standard,Yes,Cash,Monthly
479,18,Female,Phone,Clothing,Karachi,L,Green,2,No,Standard,Yes,Card,Weekly
480,29,Female,Headphones,Electronics,Faisalabad,XL,Blue,4,No,Standard,No,Card,Weekly
481,58,Male,Watch,Clothing,Faisalabad,M,Green,4,No,Standard,Yes,Card,Yearly
482,40,Male,Bag,Electronics,Rawalpindi,M,Black,3,Yes,Standard,No,Cash,Weekly
483,53,Male,Headphones,Accessories,Karachi,S,Black,1,Yes,Standard,No,Cash,Yearly
484,42,Female,Bag,Accessories,Faisalabad,M,Green,1,No,Express,No,Online,Monthly
485,60,Female,Watch,Clothing,Karachi,S,Green,5,No,Express,Yes,Online,Yearly
486,36,Male,Phone,Accessories,Islamabad,XL,Green,3,Yes,Standard,No,Online,Monthly
487,31,Female,Shoes,Clothing,Faisalabad,L,Blue,2,No,Express,No,Card,Weekly
488,40,Male,Bag,Clothing,Rawalpindi,XL,Blue,2,Yes,Express,Yes,Card,Weekly
489,41,Female,Bag,Clothing,Faisalabad,XL,Black,2,No,Express,No,Online,Yearly
490,39,Male,Laptop,Clothing,Rawalpindi,XL,Red,1,Yes,Standard,No,Cash,Weekly
491,22,Male,Bag,Accessories,Lahore,S,Red,1,No,Standard,No,Card,Weekly
492,58,Male,Bag,Accessories,Islamabad,L,Black,1,Yes,Standard,Yes,Online,Monthly
493,30,Male,Laptop,Electronics,Karachi,M,Blue,2,No,Express,Yes,Cash,Weekly
494,23,Male,Phone,Accessories,Lahore,L,Blue,1,No,Express,No,Card,Yearly
495,29,Female,Shirt,Electronics,Rawalpindi,L,Green,2,No,Express,No,Online,Monthly
496,31,Male,Phone,Electronics,Rawalpindi,S,White,4,Yes,Express,No,Online,Yearly
497,43,Female,Headphones,Electronics,Rawalpindi,M,Green,4,Yes,Standard,No,Card,Monthly
498,25,Male,Watch,Accessories,Islamabad,M,White,3,No,Standard,No,Cash,Weekly
499,33,Male,Headphones,Clothing,Lahore,L,Red,5,No,Standard,Yes,Card,Yearly
500,20,Male,Laptop,Clothing,Islamabad,M,Green,1,No,Standard,Yes,Card,Weekly
501,28,Male,Headphones,Accessories,Rawalpindi,M,Black,3,Yes,Standard,No,Card,Yearly
502,52,Female,Headphones,Electronics,Lahore,M,Green,5,Yes,Express,Yes,Cash,Monthly
503,50,Female,Bag,Clothing,Karachi,S,White,2,Yes,Standard,No,Online,Monthly
504,46,Male,Laptop,Clothing,Lahore,M,White,3,Yes,Express,Yes,Cash,Monthly
505,36,Female,Watch,Accessories,Rawalpindi,XL,White,5,No,Standard,No,Card,Yearly
506,56,Male,Laptop,Electronics,Lahore,XL,Blue,3,No,Express,No,Card,Yearly
507,44,Female,Laptop,Accessories,Rawalpindi,M,White,4,Yes,Express,No,Card,Yearly
508,49,Male,Laptop,Clothing,Lahore,L,White,3,Yes,Standard,No,Cash,Weekly
509,46,Male,Laptop,Accessories,Karachi,XL,Black,3,No,Standard,Yes,Cash,Monthly
510,60,Male,Bag,Accessories,Rawalpindi,L,Blue,4,No,Standard,No,Online,Yearly
511,58,Female,Shoes,Clothing,Faisalabad,L,Red,5,No,Express,No,Card,Yearly
512,23,Female,Phone,Accessories,Faisalabad,XL,Red,2,Yes,Standard,Yes,Cash,Weekly
513,29,Male,Bag,Electronics,Faisalabad,M,White,2,Yes,Express,No,Online,Monthly
514,37,Female,Headphones,Accessories,Faisalabad,S,Blue,4,Yes,Express,No,Cash,Weekly
515,34,Female,Watch,Clothing,Islamabad,S,Red,4,Yes,Express,Yes,Card,Monthly
516,53,Female,Shoes,Clothing,Faisalabad,S,Green,4,Yes,Express,Yes,Cash,Monthly
517,18,Male,Headphones,Accessories,Rawalpindi,XL,White,1,No,Standard,No,Online,Monthly
518,44,Female,Phone,Accessories,Karachi,M,White,4,No,Express,Yes,Online,Weekly
519,43,Female,Phone,Accessories,Faisalabad,M,Blue,3,No,Express,No,Online,Monthly
520,56,Female,Shoes,Accessories,Rawalpindi,S,Blue,2,Yes,Standard,No,Card,Yearly
521,49,Male,Watch,Electronics,Lahore,S,Black,2,No,Standard,No,Online,Yearly
522,54,Female,Watch,Electronics,Lahore,M,Red,3,No,Standard,No,Cash,Yearly
523,57,Female,Shoes,Clothing,Islamabad,S,Red,2,No,Standard,Yes,Online,Yearly
524,19,Male,Headphones,Accessories,Karachi,M,Green,3,No,Standard,No,Card,Weekly
525,22,Male,Shoes,Clothing,Lahore,XL,Black,3,No,Standard,No,Card,Weekly
526,49,Male,Shirt,Clothing,Rawalpindi,M,White,5,No,Standard,Yes,Card,Weekly
527,30,Female,Bag,Accessories,Lahore,XL,Green,2,Yes,Express,No,Cash,Monthly
528,52,Male,Watch,Clothing,Faisalabad,S,White,2,Yes,Standard,Yes,Card,Yearly
529,57,Male,Bag,Electronics,Lahore,M,Black,2,No,Express,No,Online,Yearly
530,43,Male,Laptop,Clothing,Rawalpindi,XL,White,5,Yes,Standard,No,Online,Monthly
531,56,Male,Bag,Clothing,Lahore,M,Green,1,Yes,Standard,No,Cash,Monthly
532,41,Male,Phone,Electronics,Lahore,XL,Blue,5,Yes,Standard,No,Card,Yearly
533,49,Male,Shirt,Clothing,Rawalpindi,M,Green,1,Yes,Express,No,Cash,Weekly
534,52,Female,Laptop,Clothing,Faisalabad,M,Red,1,Yes,Standard,No,Online,Monthly
535,60,Female,Shoes,Clothing,Lahore,S,Blue,2,Yes,Standard,No,Online,Yearly
536,35,Male,Shirt,Accessories,Rawalpindi,S,Green,2,Yes,Standard,No,Card,Monthly
537,53,Male,Watch,Accessories,Islamabad,XL,Blue,1,No,Standard,Yes,Online,Monthly
538,35,Male,Bag,Clothing,Faisalabad,S,White,5,Yes,Express,No,Cash,Monthly
539,36,Male,Headphones,Clothing,Islamabad,S,Blue,1,Yes,Standard,Yes,Cash,Monthly
540,33,Female,Shoes,Clothing,Faisalabad,M,Green,2,No,Express,No,Online,Monthly
541,55,Male,Laptop,Accessories,Faisalabad,M,White,2,No,Express,Yes,Cash,Yearly
542,49,Female,Watch,Accessories,Faisalabad,S,Blue,5,Yes,Express,Yes,Cash,Weekly
543,26,Male,Headphones,Electronics,Karachi,M,Red,1,Yes,Standard,No,Online,Monthly
544,20,Male,Bag,Accessories,Faisalabad,M,Red,4,No,Standard,No,Card,Yearly
545,38,Female,Watch,Electronics,Rawalpindi,XL,Green,3,No,Express,No,Online,Monthly
546,26,Male,Laptop,Accessories,Karachi,XL,Red,5,No,Express,Yes,Card,Monthly
547,34,Male,Bag,Accessories,Islamabad,XL,Red,5,No,Express,No,Online,Yearly
548,57,Female,Laptop,Electronics,Islamabad,XL,White,1,No,Standard,No,Card,Monthly
549,60,Female,Bag,Electronics,Karachi,L,Blue,1,Yes,Standard,Yes,Cash,Yearly
550,27,Female,Headphones,Electronics,Rawalpindi,L,Red,5,Yes,Standard,No,Online,Yearly
551,23,Male,Shoes,Electronics,Faisalabad,S,Green,1,Yes,Standard,No,Online,Yearly
552,32,Female,Shoes,Clothing,Lahore,S,Black,1,Yes,Standard,Yes,Online,Weekly
553,50,Female,Phone,Electronics,Lahore,XL,Green,2,Yes,Express,No,Cash,Yearly
554,29,Male,Laptop,Clothing,Rawalpindi,L,Blue,3,Yes,Express,No,Online,Yearly
555,42,Male,Headphones,Electronics,Lahore,S,Red,4,No,Standard,Yes,Card,Monthly
556,59,Male,Bag,Electronics,Lahore,L,Green,5,Yes,Express,Yes,Cash,Monthly
557,46,Male,Shirt,Accessories,Faisalabad,XL,Red,3,No,Standard,Yes,Online,Yearly
558,22,Female,Headphones,Clothing,Islamabad,S,White,1,No,Express,No,Card,Monthly
559,22,Male,Bag,Accessories,Karachi,XL,Blue,3,Yes,Express,Yes,Cash,Weekly
560,43,Male,Bag,Electronics,Rawalpindi,XL,Black,4,Yes,Standard,Yes,Online,Yearly
561,38,Male,Shoes,Electronics,Islamabad,M,Green,3,Yes,Express,Yes,Cash,Monthly
562,60,Female,Headphones,Accessories,Islamabad,XL,Red,2,Yes,Standard,No,Online,Monthly
563,37,Male,Watch,Clothing,Lahore,L,Green,1,Yes,Standard,No,Cash,Yearly
564,24,Male,Laptop,Electronics,Lahore,M,Green,3,Yes,Standard,Yes,Online,Weekly
565,19,Male,Phone,Electronics,Karachi,M,Green,3,Yes,Standard,Yes,Online,Yearly
566,60,Female,Phone,Clothing,Islamabad,L,Red,3,Yes,Standard,Yes,Cash,Weekly
567,23,Female,Phone,Accessories,Faisalabad,XL,Red,5,No,Express,No,Online,Yearly
568,24,Male,Headphones,Electronics,Faisalabad,S,Red,2,No,Express,Yes,Online,Monthly
569,36,Female,Shirt,Accessories,Lahore,XL,Green,1,No,Standard,No,Card,Weekly
570,38,Male,Headphones,Accessories,Karachi,S,White,1,Yes,Express,Yes,Online,Yearly
571,23,Female,Laptop,Accessories,Rawalpindi,L,Black,1,No,Express,Yes,Cash,Yearly
572,22,Female,Shoes,Clothing,Karachi,S,Red,1,No,Express,Yes,Cash,Weekly
573,30,Female,Watch,Clothing,Rawalpindi,M,Red,1,No,Express,Yes,Card,Yearly
574,41,Male,Laptop,Clothing,Faisalabad,L,Green,5,Yes,Express,No,Card,Monthly
575,20,Female,Shoes,Clothing,Karachi,M,Green,5,Yes,Express,Yes,Online,Yearly
576,43,Male,Phone,Clothing,Islamabad,XL,White,2,Yes,Standard,Yes,Cash,Monthly
577,28,Male,Shoes,Electronics,Rawalpindi,XL,Red,4,No,Express,No,Online,Yearly
578,22,Male,Laptop,Electronics,Islamabad,XL,Black,2,Yes,Standard,No,Card,Monthly
579,54,Female,Headphones,Accessories,Lahore,L,Green,5,No,Standard,Yes,Card,Yearly
580,37,Female,Shoes,Clothing,Lahore,L,Red,5,No,Standard,No,Cash,Weekly
581,41,Female,Shoes,Accessories,Faisalabad,M,Green,2,No,Express,Yes,Cash,Weekly
582,28,Female,Bag,Electronics,Rawalpindi,L,Red,4,No,Standard,Yes,Cash,Weekly
583,50,Female,Headphones,Electronics,Karachi,S,Red,3,Yes,Express,Yes,Card,Weekly
584,41,Male,Bag,Electronics,Islamabad,M,Black,3,No,Express,No,Cash,Weekly
585,28,Male,Shirt,Electronics,Rawalpindi,XL,Black,4,Yes,Express,Yes,Cash,Yearly
586,28,Male,Shirt,Electronics,Karachi,M,Blue,3,Yes,Express,Yes,Online,Weekly
587,60,Male,Shoes,Clothing,Rawalpindi,S,Green,4,No,Express,Yes,Cash,Yearly
588,50,Male,Laptop,Accessories,Karachi,L,Green,3,No,Standard,Yes,Online,Monthly
589,44,Male,Watch,Electronics,Faisalabad,S,Black,2,No,Express,Yes,Card,Weekly
590,37,Female,Shoes,Electronics,Faisalabad,XL,Black,2,No,Standard,No,Online,Yearly
591,39,Male,Bag,Accessories,Faisalabad,S,White,3,No,Standard,No,Card,Monthly
592,60,Female,Phone,Clothing,Lahore,L,Blue,5,No,Express,Yes,Card,Yearly
593,56,Female,Bag,Clothing,Rawalpindi,L,Black,2,No,Standard,No,Cash,Weekly
594,20,Female,Watch,Clothing,Islamabad,L,White,5,Yes,Express,No,Cash,Monthly
595,19,Female,Shoes,Electronics,Faisalabad,L,Black,3,Yes,Standard,Yes,Online,Yearly
596,22,Male,Headphones,Clothing,Lahore,M,White,1,Yes,Express,No,Cash,Yearly
597,50,Female,Shirt,Clothing,Rawalpindi,L,Blue,2,No,Express,No,Cash,Yearly
598,29,Female,Phone,Electronics,Faisalabad,S,White,2,Yes,Express,Yes,Card,Yearly
599,28,Male,Shoes,Clothing,Karachi,S,Black,2,Yes,Standard,No,Card,Weekly
600,36,Female,Shirt,Clothing,Islamabad,L,White,2,No,Express,Yes,Online,Weekly
601,46,Male,Shirt,Electronics,Karachi,M,White,4,Yes,Express,Yes,Online,Yearly
602,30,Male,Shoes,Electronics,Faisalabad,XL,Red,4,Yes,Express,No,Card,Monthly
603,58,Male,Watch,Electronics,Islamabad,L,Green,1,Yes,Express,No,Cash,Monthly
604,51,Male,Shirt,Accessories,Faisalabad,XL,Blue,1,Yes,Standard,No,Online,Monthly
605,20,Male,Shoes,Clothing,Lahore,XL,Black,5,No,Express,Yes,Online,Weekly
606,21,Male,Shoes,Electronics,Karachi,XL,White,5,No,Standard,No,Online,Monthly
607,56,Female,Shirt,Clothing,Faisalabad,XL,Black,1,Yes,Express,Yes,Cash,Yearly
608,18,Male,Shoes,Clothing,Karachi,M,Green,2,Yes,Express,No,Online,Monthly
609,53,Male,Phone,Electronics,Islamabad,XL,Blue,4,Yes,Standard,No,Cash,Yearly
610,19,Female,Headphones,Accessories,Rawalpindi,S,White,5,Yes,Standard,No,Online,Yearly
611,18,Male,Watch,Electronics,Lahore,M,Green,2,Yes,Express,Yes,Online,Yearly
612,51,Male,Shirt,Electronics,Faisalabad,M,Green,5,No,Express,No,Online,Monthly
613,38,Female,Bag,Accessories,Rawalpindi,L,White,5,No,Express,Yes,Cash,Yearly
614,55,Female,Laptop,Clothing,Karachi,L,Green,1,No,Standard,No,Card,Monthly
615,31,Male,Watch,Electronics,Karachi,XL,Green,5,Yes,Express,No,Card,Weekly
616,47,Female,Phone,Accessories,Rawalpindi,S,Black,5,No,Express,No,Online,Monthly
617,60,Female,Shoes,Electronics,Islamabad,M,Red,4,Yes,Express,No,Cash,Monthly
618,49,Male,Shirt,Clothing,Rawalpindi,S,Blue,5,Yes,Standard,Yes,Cash,Weekly
619,30,Male,Shoes,Electronics,Lahore,S,Red,4,Yes,Standard,Yes,Card,Weekly
620,48,Female,Laptop,Clothing,Islamabad,L,Black,2,No,Express,Yes,Card,Monthly
621,47,Female,Shoes,Accessories,Lahore,XL,Green,4,No,Express,No,Card,Monthly
622,51,Male,Watch,Clothing,Karachi,XL,White,3,Yes,Express,Yes,Card,Monthly
623,38,Male,Laptop,Clothing,Faisalabad,M,Green,2,Yes,Standard,No,Online,Monthly
624,34,Female,Bag,Accessories,Islamabad,L,Red,4,Yes,Standard,Yes,Online,Weekly
625,29,Female,Bag,Electronics,Faisalabad,M,White,3,No,Express,Yes,Online,Weekly
626,50,Female,Shirt,Accessories,Rawalpindi,S,Black,1,Yes,Standard,Yes,Card,Monthly
627,37,Male,Headphones,Accessories,Lahore,M,Blue,4,No,Standard,Yes,Cash,Yearly
628,43,Female,Shirt,Electronics,Lahore,L,Green,1,Yes,Standard,No,Online,Weekly
629,56,Male,Laptop,Clothing,Lahore,L,Red,5,No,Standard,No,Cash,Monthly
630,33,Male,Shirt,Electronics,Faisalabad,S,Black,3,Yes,Standard,Yes,Online,Weekly
631,34,Male,Bag,Clothing,Lahore,XL,Blue,2,No,Express,No,Online,Yearly
632,23,Female,Bag,Accessories,Islamabad,L,Green,3,No,Standard,No,Cash,Monthly
633,18,Male,Phone,Clothing,Islamabad,S,Green,3,Yes,Standard,Yes,Card,Monthly
634,37,Male,Shirt,Electronics,Faisalabad,M,Blue,1,No,Standard,Yes,Card,Weekly
635,52,Female,Phone,Accessories,Lahore,M,Blue,2,Yes,Express,No,Cash,Yearly
636,57,Male,Bag,Clothing,Faisalabad,S,Black,1,Yes,Standard,No,Cash,Yearly
637,52,Male,Watch,Electronics,Rawalpindi,L,Black,4,Yes,Standard,Yes,Card,Monthly
638,23,Male,Headphones,Accessories,Lahore,L,Black,1,Yes,Express,No,Online,Monthly
639,56,Female,Shoes,Electronics,Rawalpindi,M,Green,4,Yes,Express,Yes,Card,Monthly
640,49,Male,Shirt,Clothing,Lahore,M,Blue,2,Yes,Express,Yes,Card,Yearly
641,40,Male,Phone,Electronics,Lahore,M,White,5,No,Standard,No,Online,Yearly
642,21,Male,Shoes,Electronics,Karachi,M,White,4,No,Standard,No,Cash,Monthly
643,28,Female,Phone,Accessories,Rawalpindi,S,Blue,5,Yes,Standard,No,Card,Weekly
644,37,Male,Laptop,Accessories,Faisalabad,M,White,1,Yes,Express,No,Online,Weekly
645,29,Female,Shirt,Electronics,Lahore,L,White,4,Yes,Express,No,Card,Monthly
646,18,Male,Bag,Clothing,Lahore,L,Red,5,Yes,Express,No,Cash,Yearly
647,18,Female,Shirt,Clothing,Lahore,XL,Red,4,No,Standard,Yes,Cash,Weekly
648,26,Female,Watch,Accessories,Karachi,XL,Blue,5,Yes,Express,Yes,Online,Monthly
649,33,Male,Shirt,Electronics,Rawalpindi,XL,Green,5,No,Express,No,Online,Monthly
650,24,Female,Headphones,Accessories,Rawalpindi,M,Black,5,Yes,Express,No,Cash,Weekly
651,55,Male,Shirt,Clothing,Faisalabad,S,Red,4,No,Express,No,Online,Yearly
652,35,Female,Phone,Electronics,Karachi,S,White,2,No,Express,No,Cash,Yearly
653,53,Female,Watch,Clothing,Karachi,M,Blue,5,No,Express,Yes,Cash,Yearly
654,59,Female,Phone,Accessories,Islamabad,XL,Green,1,No,Express,Yes,Online,Weekly
655,18,Male,Watch,Accessories,Lahore,S,Green,3,Yes,Standard,No,Card,Monthly
656,38,Male,Bag,Clothing,Rawalpindi,S,Black,4,Yes,Standard,No,Cash,Weekly
657,53,Female,Phone,Accessories,Rawalpindi,L,Red,1,No,Express,Yes,Online,Weekly
658,27,Male,Bag,Electronics,Rawalpindi,XL,Black,1,Yes,Express,Yes,Cash,Yearly
659,33,Female,Phone,Clothing,Lahore,XL,Red,4,No,Express,Yes,Cash,Yearly
660,23,Male,Headphones,Accessories,Faisalabad,S,Blue,2,Yes,Express,No,Cash,Weekly
661,45,Female,Watch,Electronics,Karachi,XL,Blue,2,No,Standard,Yes,Online,Weekly
662,53,Female,Laptop,Accessories,Lahore,XL,Red,4,No,Standard,Yes,Online,Yearly
663,29,Female,Headphones,Clothing,Lahore,XL,Red,1,Yes,Standard,Yes,Cash,Monthly
664,49,Female,Watch,Clothing,Karachi,M,Green,3,No,Express,No,Online,Weekly
665,43,Female,Shoes,Accessories,Karachi,XL,Red,2,Yes,Standard,No,Card,Yearly
666,36,Female,Phone,Electronics,Karachi,S,Green,4,No,Express,Yes,Cash,Yearly
667,26,Female,Headphones,Electronics,Islamabad,L,Blue,1,Yes,Standard,Yes,Cash,Weekly
668,57,Male,Laptop,Accessories,Islamabad,L,Red,1,No,Express,Yes,Card,Yearly
669,29,Male,Shoes,Clothing,Lahore,XL,Green,5,No,Standard,No,Online,Weekly
670,58,Female,Watch,Electronics,Lahore,S,White,4,Yes,Express,No,Card,Weekly
671,20,Male,Headphones,Accessories,Lahore,M,Black,5,Yes,Express,No,Cash,Monthly
672,40,Female,Phone,Accessories,Faisalabad,L,Red,3,No,Express,Yes,Cash,Weekly
673,28,Female,Phone,Electronics,Rawalpindi,S,Red,1,Yes,Express,No,Card,Monthly
674,56,Male,Bag,Electronics,Islamabad,XL,Green,4,Yes,Standard,No,Online,Monthly
675,33,Female,Laptop,Accessories,Lahore,L,White,4,No,Express,Yes,Online,Monthly
676,46,Female,Laptop,Clothing,Faisalabad,L,White,5,No,Standard,Yes,Cash,Monthly
677,30,Female,Watch,Clothing,Rawalpindi,M,Black,4,No,Express,No,Card,Weekly
678,40,Female,Shirt,Electronics,Faisalabad,M,Black,4,No,Standard,Yes,Online,Monthly
679,37,Female,Headphones,Electronics,Faisalabad,L,Black,5,Yes,Express,Yes,Online,Monthly
680,18,Female,Phone,Accessories,Islamabad,S,Green,1,No,Express,Yes,Online,Monthly
681,43,Female,Bag,Clothing,Karachi,XL,Green,2,No,Standard,Yes,Online,Monthly
682,23,Male,Phone,Clothing,Faisalabad,S,Red,2,Yes,Express,No,Card,Monthly
683,24,Female,Bag,Clothing,Lahore,M,Black,2,No,Standard,Yes,Card,Weekly
684,51,Male,Laptop,Clothing,Lahore,M,Blue,1,Yes,Express,No,Online,Monthly
685,51,Female,Watch,Clothing,Faisalabad,L,Blue,4,Yes,Standard,No,Card,Monthly
686,32,Female,Shoes,Electronics,Faisalabad,S,Blue,2,Yes,Standard,Yes,Card,Monthly
687,38,Male,Watch,Electronics,Karachi,XL,Black,3,No,Standard,No,Card,Monthly
688,54,Female,Watch,Clothing,Lahore,XL,Blue,3,No,Express,No,Online,Yearly
689,42,Male,Phone,Accessories,Rawalpindi,L,Blue,1,No,Standard,Yes,Card,Yearly
690,20,Female,Headphones,Accessories,Islamabad,S,Black,3,Yes,Standard,Yes,Online,Monthly
691,47,Male,Watch,Electronics,Faisalabad,L,Black,4,No,Express,Yes,Cash,Yearly
692,35,Male,Bag,Electronics,Karachi,L,Green,2,Yes,Express,No,Online,Weekly
693,36,Male,Shoes,Electronics,Faisalabad,L,Red,2,Yes,Standard,No,Card,Weekly
694,37,Female,Shoes,Electronics,Lahore,S,Blue,1,Yes,Express,No,Cash,Weekly
695,57,Female,Phone,Accessories,Karachi,L,Green,2,No,Standard,No,Cash,Monthly
696,33,Female,Watch,Accessories,Lahore,M,Green,1,No,Express,Yes,Online,Weekly
697,23,Female,Laptop,Electronics,Lahore,M,White,2,Yes,Standard,No,Cash,Yearly
698,18,Male,Phone,Clothing,Faisalabad,L,Green,4,Yes,Express,Yes,Card,Monthly
699,35,Female,Shirt,Electronics,Karachi,XL,Blue,4,No,Express,No,Cash,Monthly
700,60,Female,Shirt,Accessories,Islamabad,M,Black,5,No,Express,Yes,Online,Monthly
701,38,Male,Phone,Accessories,Karachi,S,White,5,No,Express,No,Card,Yearly
702,53,Male,Shirt,Electronics,Lahore,M,Black,2,Yes,Express,Yes,Cash,Weekly
703,49,Female,Laptop,Clothing,Lahore,L,Blue,1,Yes,Standard,No,Online,Yearly
704,54,Female,Laptop,Clothing,Islamabad,M,White,1,No,Standard,No,Card,Monthly
705,24,Female,Shoes,Clothing,Karachi,XL,Black,2,Yes,Standard,No,Card,Yearly
706,45,Female,Bag,Electronics,Lahore,XL,Red,1,No,Standard,Yes,Cash,Yearly
707,56,Female,Shoes,Clothing,Lahore,M,Blue,3,Yes,Standard,No,Online,Yearly
708,52,Female,Shoes,Electronics,Karachi,L,Black,3,No,Express,Yes,Online,Weekly
709,56,Male,Headphones,Clothing,Karachi,S,Green,4,No,Standard,Yes,Card,Monthly
710,48,Female,Headphones,Electronics,Rawalpindi,XL,White,5,Yes,Standard,No,Card,Weekly
711,18,Male,Laptop,Clothing,Faisalabad,L,Blue,2,Yes,Standard,Yes,Card,Yearly
712,53,Male,Bag,Accessories,Karachi,XL,Blue,4,Yes,Express,Yes,Card,Weekly
713,46,Male,Watch,Accessories,Faisalabad,S,Black,2,No,Express,Yes,Online,Weekly
714,49,Female,Watch,Accessories,Rawalpindi,XL,Black,2,Yes,Express,No,Cash,Yearly
715,29,Male,Headphones,Clothing,Rawalpindi,S,White,2,Yes,Standard,No,Online,Weekly
716,49,Male,Shirt,Electronics,Islamabad,S,Green,1,No,Express,Yes,Cash,Monthly
717,41,Female,Bag,Accessories,Islamabad,L,Green,2,Yes,Express,No,Online,Monthly
718,49,Female,Headphones,Accessories,Lahore,L,Red,4,No,Express,Yes,Cash,Monthly
719,25,Female,Headphones,Clothing,Rawalpindi,L,White,5,Yes,Express,No,Online,Yearly
720,19,Male,Bag,Accessories,Rawalpindi,L,White,3,Yes,Express,No,Online,Weekly
721,53,Male,Shirt,Accessories,Islamabad,L,White,3,No,Express,Yes,Cash,Weekly
722,51,Male,Laptop,Electronics,Islamabad,S,Blue,4,Yes,Standard,Yes,Cash,Weekly
723,47,Male,Headphones,Electronics,Karachi,L,Red,1,Yes,Standard,No,Card,Monthly
724,34,Female,Laptop,Clothing,Islamabad,M,White,4,Yes,Express,No,Cash,Monthly
725,21,Male,Headphones,Accessories,Faisalabad,S,White,1,No,Standard,Yes,Online,Weekly
726,55,Male,Watch,Accessories,Rawalpindi,XL,Black,2,No,Express,No,Cash,Monthly
727,53,Female,Phone,Accessories,Faisalabad,M,Green,3,No,Express,Yes,Card,Weekly
728,38,Female,Headphones,Electronics,Islamabad,XL,Green,3,No,Express,Yes,Online,Weekly
729,46,Female,Shoes,Electronics,Faisalabad,M,White,4,No,Express,No,Card,Weekly
730,42,Female,Bag,Electronics,Lahore,M,White,4,Yes,Express,No,Cash,Monthly
731,48,Male,Phone,Accessories,Karachi,XL,Green,3,No,Express,Yes,Online,Weekly
732,28,Male,Headphones,Accessories,Lahore,S,Red,3,No,Standard,No,Card,Monthly
733,28,Male,Shirt,Accessories,Faisalabad,M,Blue,1,Yes,Standard,Yes,Cash,Yearly
734,43,Female,Headphones,Electronics,Rawalpindi,XL,Blue,1,Yes,Express,Yes,Online,Monthly
735,37,Female,Watch,Clothing,Rawalpindi,M,Red,3,No,Standard,No,Card,Yearly
736,49,Male,Headphones,Clothing,Islamabad,XL,Green,5,Yes,Express,Yes,Online,Yearly
737,42,Male,Shoes,Accessories,Faisalabad,XL,Black,3,Yes,Standard,Yes,Cash,Yearly
738,40,Female,Phone,Clothing,Lahore,L,Black,4,Yes,Express,No,Card,Yearly
739,22,Female,Shirt,Accessories,Lahore,L,Black,5,Yes,Standard,No,Cash,Monthly
740,60,Male,Phone,Clothing,Rawalpindi,XL,Blue,4,Yes,Express,Yes,Online,Yearly
741,49,Male,Shirt,Accessories,Karachi,L,Blue,2,Yes,Standard,No,Cash,Yearly
742,30,Male,Phone,Accessories,Faisalabad,XL,Green,2,Yes,Standard,No,Cash,Monthly
743,49,Male,Phone,Clothing,Lahore,XL,White,5,Yes,Standard,No,Cash,Weekly
744,24,Female,Laptop,Electronics,Karachi,XL,White,2,No,Express,No,Cash,Yearly
745,28,Female,Shirt,Accessories,Lahore,L,White,5,Yes,Express,No,Card,Monthly
746,46,Male,Shirt,Clothing,Lahore,L,Blue,2,Yes,Express,No,Cash,Weekly
747,26,Male,Watch,Clothing,Lahore,L,Blue,5,No,Standard,No,Online,Monthly
748,39,Male,Phone,Clothing,Faisalabad,M,Black,2,No,Standard,Yes,Card,Weekly
749,53,Female,Shoes,Accessories,Faisalabad,M,Blue,3,No,Express,No,Card,Yearly
750,26,Male,Headphones,Clothing,Karachi,L,Black,5,No,Express,Yes,Cash,Weekly
751,28,Male,Phone,Electronics,Faisalabad,L,White,4,Yes,Express,No,Card,Yearly
752,25,Female,Phone,Clothing,Faisalabad,L,White,3,Yes,Standard,Yes,Cash,Yearly
753,54,Male,Shirt,Accessories,Faisalabad,L,Blue,2,No,Standard,Yes,Card,Yearly
754,24,Male,Watch,Accessories,Faisalabad,S,White,3,Yes,Express,No,Card,Monthly
755,52,Female,Phone,Clothing,Islamabad,M,Green,2,No,Standard,No,Cash,Weekly
756,52,Female,Shirt,Clothing,Faisalabad,M,Black,2,No,Express,Yes,Online,Yearly
757,51,Female,Shoes,Electronics,Rawalpindi,XL,Green,2,Yes,Standard,No,Card,Yearly
758,34,Female,Shoes,Clothing,Lahore,M,Red,1,No,Express,Yes,Card,Weekly
759,25,Male,Laptop,Clothing,Karachi,L,White,4,Yes,Express,No,Card,Weekly
760,39,Female,Headphones,Clothing,Rawalpindi,M,Green,4,Yes,Express,Yes,Card,Monthly
761,34,Male,Shirt,Electronics,Islamabad,L,Black,4,No,Standard,Yes,Card,Yearly
762,42,Female,Bag,Electronics,Karachi,M,Red,2,Yes,Standard,Yes,Card,Yearly
763,48,Female,Headphones,Electronics,Faisalabad,M,Blue,1,No,Standard,Yes,Online,Yearly
764,18,Male,Bag,Clothing,Lahore,L,Red,2,No,Express,Yes,Cash,Yearly
765,33,Male,Phone,Clothing,Lahore,L,Red,4,Yes,Express,Yes,Online,Yearly
766,23,Female,Laptop,Clothing,Lahore,S,Black,4,No,Standard,No,Cash,Yearly
767,59,Male,Headphones,Electronics,Lahore,M,Black,1,Yes,Express,No,Cash,Monthly
768,18,Male,Bag,Electronics,Lahore,M,Blue,2,Yes,Express,Yes,Cash,Weekly
769,30,Male,Headphones,Accessories,Lahore,XL,Black,2,No,Standard,Yes,Cash,Monthly
770,21,Male,Shoes,Electronics,Islamabad,L,Blue,5,Yes,Express,Yes,Card,Monthly
771,44,Female,Headphones,Clothing,Rawalpindi,XL,Green,5,Yes,Express,No,Cash,Monthly
772,44,Female,Laptop,Accessories,Faisalabad,S,Red,4,No,Standard,No,Cash,Weekly
773,23,Male,Watch,Accessories,Islamabad,M,Green,2,Yes,Standard,Yes,Online,Yearly
774,37,Male,Shoes,Accessories,Faisalabad,S,White,3,Yes,Express,Yes,Cash,Monthly
775,21,Male,Shirt,Clothing,Faisalabad,L,Black,5,No,Standard,No,Cash,Weekly
776,48,Female,Phone,Accessories,Karachi,XL,Red,5,Yes,Standard,Yes,Online,Monthly
777,34,Male,Headphones,Electronics,Faisalabad,S,Blue,5,No,Express,Yes,Online,Monthly
778,51,Male,Headphones,Accessories,Islamabad,M,Blue,5,No,Standard,No,Cash,Weekly
779,58,Male,Shoes,Electronics,Lahore,S,Green,2,Yes,Standard,Yes,Card,Weekly
780,60,Female,Shoes,Accessories,Islamabad,L,Black,3,Yes,Express,Yes,Cash,Weekly
781,33,Female,Watch,Accessories,Islamabad,XL,White,3,No,Standard,No,Card,Monthly
782,38,Female,Shoes,Electronics,Faisalabad,M,White,4,No,Express,No,Cash,Weekly
783,48,Male,Bag,Clothing,Lahore,XL,Green,2,No,Express,Yes,Card,Monthly
784,31,Female,Shirt,Electronics,Faisalabad,S,White,1,Yes,Express,Yes,Cash,Yearly
785,35,Male,Phone,Clothing,Karachi,XL,White,2,Yes,Standard,Yes,Cash,Yearly
786,45,Male,Shoes,Clothing,Faisalabad,L,Blue,4,Yes,Express,Yes,Cash,Monthly
787,53,Male,Laptop,Electronics,Rawalpindi,XL,White,1,Yes,Express,No,Online,Weekly
788,26,Female,Watch,Electronics,Faisalabad,XL,Blue,4,No,Express,Yes,Card,Weekly
789,38,Female,Bag,Electronics,Lahore,M,White,1,Yes,Standard,No,Cash,Weekly
790,33,Male,Watch,Accessories,Faisalabad,S,Black,2,No,Standard,Yes,Online,Yearly
791,20,Male,Shirt,Electronics,Rawalpindi,M,Red,2,Yes,Standard,No,Online,Weekly
792,45,Male,Phone,Accessories,Lahore,L,Black,2,Yes,Standard,Yes,Card,Weekly
793,21,Female,Headphones,Electronics,Islamabad,S,Red,3,No,Express,No,Online,Yearly
794,55,Male,Watch,Accessories,Faisalabad,XL,Green,3,Yes,Express,Yes,Card,Weekly
795,54,Female,Shirt,Clothing,Lahore,M,Red,2,No,Standard,Yes,Card,Weekly
796,20,Female,Headphones,Accessories,Lahore,XL,Blue,3,No,Express,No,Online,Monthly
797,58,Male,Phone,Accessories,Islamabad,S,White,4,Yes,Standard,No,Card,Monthly
798,51,Female,Phone,Electronics,Islamabad,L,Black,1,Yes,Express,No,Card,Yearly
799,35,Male,Laptop,Accessories,Lahore,L,Blue,3,Yes,Standard,No,Card,Weekly
800,39,Female,Shirt,Electronics,Faisalabad,M,White,3,Yes,Standard,No,Cash,Yearly
801,37,Female,Laptop,Clothing,Karachi,XL,Green,2,No,Standard,No,Card,Monthly
802,30,Male,Watch,Electronics,Faisalabad,S,White,3,Yes,Standard,No,Card,Weekly
803,53,Male,Shirt,Clothing,Lahore,L,Black,5,No,Express,Yes,Cash,Weekly
804,45,Male,Watch,Accessories,Islamabad,L,White,2,No,Express,Yes,Card,Weekly
805,58,Male,Watch,Accessories,Lahore,S,White,4,No,Express,No,Card,Monthly
806,27,Male,Watch,Clothing,Faisalabad,M,Red,5,No,Standard,Yes,Cash,Yearly
807,19,Male,Shoes,Electronics,Karachi,S,Green,4,No,Standard,Yes,Cash,Yearly
808,21,Female,Watch,Electronics,Karachi,L,Blue,4,Yes,Standard,Yes,Online,Yearly
809,47,Male,Laptop,Accessories,Islamabad,XL,Black,2,No,Express,Yes,Online,Monthly
810,42,Male,Watch,Clothing,Rawalpindi,M,Red,2,No,Standard,No,Cash,Monthly
811,26,Female,Phone,Accessories,Karachi,XL,White,1,Yes,Standard,Yes,Online,Yearly
812,55,Male,Shoes,Accessories,Karachi,M,Blue,3,Yes,Standard,No,Card,Monthly
813,42,Male,Headphones,Accessories,Islamabad,L,Green,4,No,Standard,No,Online,Yearly
814,25,Male,Laptop,Clothing,Rawalpindi,S,White,2,No,Express,Yes,Cash,Yearly
815,22,Female,Shirt,Accessories,Lahore,S,Red,2,No,Express,No,Online,Weekly
816,25,Female,Shoes,Accessories,Faisalabad,M,Black,4,Yes,Standard,No,Online,Weekly
817,45,Male,Phone,Accessories,Rawalpindi,L,Blue,1,Yes,Express,Yes,Cash,Weekly
818,51,Male,Bag,Electronics,Islamabad,XL,White,3,Yes,Express,No,Card,Monthly
819,57,Female,Bag,Accessories,Faisalabad,S,Green,2,Yes,Standard,No,Online,Weekly
820,57,Male,Phone,Clothing,Lahore,XL,Black,2,Yes,Standard,Yes,Online,Yearly
821,33,Female,Bag,Clothing,Islamabad,M,Green,1,No,Express,Yes,Online,Yearly
822,43,Male,Bag,Electronics,Karachi,S,Black,3,Yes,Express,No,Online,Monthly
823,43,Female,Phone,Clothing,Karachi,S,Red,3,No,Express,No,Online,Weekly
824,43,Male,Laptop,Electronics,Lahore,M,White,5,Yes,Standard,No,Cash,Yearly
825,38,Male,Laptop,Electronics,Faisalabad,S,Green,3,No,Express,Yes,Online,Weekly
826,41,Female,Headphones,Accessories,Lahore,L,White,3,No,Express,Yes,Card,Yearly
827,31,Male,Shirt,Electronics,Islamabad,M,Green,2,No,Standard,Yes,Cash,Yearly
828,55,Female,Laptop,Clothing,Lahore,L,White,2,No,Standard,Yes,Cash,Monthly
829,26,Female,Headphones,Accessories,Karachi,XL,Green,1,Yes,Express,Yes,Cash,Monthly
830,46,Female,Shirt,Clothing,Rawalpindi,M,White,2,No,Standard,No,Online,Weekly
831,56,Male,Headphones,Electronics,Rawalpindi,L,Blue,3,No,Express,No,Cash,Weekly
832,56,Male,Shirt,Accessories,Faisalabad,S,White,4,No,Standard,No,Online,Monthly
833,18,Female,Shoes,Clothing,Karachi,S,Blue,2,Yes,Express,Yes,Online,Weekly
834,49,Female,Shirt,Clothing,Faisalabad,XL,White,3,Yes,Standard,Yes,Online,Weekly
835,53,Female,Phone,Accessories,Karachi,S,Green,4,No,Express,No,Cash,Yearly
836,31,Male,Phone,Clothing,Rawalpindi,M,Red,1,Yes,Express,No,Cash,Yearly
837,36,Female,Phone,Electronics,Karachi,XL,Blue,1,Yes,Standard,Yes,Card,Yearly
838,30,Female,Shoes,Electronics,Rawalpindi,XL,Green,2,Yes,Express,No,Online,Weekly
839,30,Male,Bag,Accessories,Lahore,XL,White,5,No,Standard,Yes,Card,Monthly
840,18,Male,Phone,Accessories,Faisalabad,S,Red,1,No,Express,No,Online,Monthly
841,54,Female,Laptop,Clothing,Karachi,L,Red,3,Yes,Express,No,Online,Monthly
842,55,Female,Shirt,Clothing,Islamabad,L,Red,1,No,Express,Yes,Card,Monthly
843,39,Female,Bag,Electronics,Faisalabad,XL,Red,4,Yes,Standard,No,Card,Weekly
844,45,Female,Watch,Accessories,Lahore,L,Green,3,No,Express,Yes,Cash,Weekly
845,23,Male,Shoes,Accessories,Faisalabad,L,White,5,No,Express,Yes,Online,Yearly
846,39,Female,Shirt,Clothing,Islamabad,L,Green,2,Yes,Standard,No,Card,Yearly
847,55,Male,Shoes,Accessories,Islamabad,S,White,3,Yes,Express,No,Cash,Weekly
848,33,Male,Shoes,Electronics,Karachi,M,Green,2,Yes,Express,No,Card,Weekly
849,39,Female,Headphones,Clothing,Faisalabad,XL,Green,2,Yes,Express,Yes,Card,Yearly
850,21,Male,Bag,Electronics,Karachi,M,Blue,3,No,Standard,No,Online,Monthly
851,30,Female,Bag,Electronics,Islamabad,XL,Blue,1,No,Express,Yes,Cash,Yearly
852,35,Female,Headphones,Electronics,Rawalpindi,S,Black,2,No,Express,No,Card,Monthly
853,46,Male,Laptop,Clothing,Lahore,S,Green,1,Yes,Express,No,Cash,Weekly
854,28,Female,Headphones,Clothing,Islamabad,L,Red,2,Yes,Standard,No,Cash,Monthly
855,32,Male,Shoes,Accessories,Karachi,L,Black,5,Yes,Standard,No,Online,Weekly
856,44,Male,Shirt,Clothing,Rawalpindi,XL,White,4,Yes,Express,No,Card,Weekly
857,27,Female,Shoes,Electronics,Faisalabad,S,Green,5,No,Express,Yes,Online,Yearly
858,35,Male,Laptop,Accessories,Lahore,XL,Black,3,No,Express,No,Cash,Weekly
859,60,Male,Headphones,Clothing,Karachi,L,Black,2,Yes,Express,Yes,Card,Weekly
860,24,Male,Headphones,Accessories,Lahore,M,Black,3,Yes,Express,Yes,Card,Monthly
861,26,Female,Bag,Clothing,Rawalpindi,XL,Blue,2,Yes,Express,No,Cash,Weekly
862,58,Male,Bag,Electronics,Rawalpindi,S,Red,2,Yes,Express,Yes,Online,Weekly
863,43,Male,Shirt,Electronics,Lahore,XL,Green,1,Yes,Standard,Yes,Card,Weekly
864,59,Male,Shirt,Accessories,Faisalabad,S,Black,1,No,Standard,No,Cash,Monthly
865,54,Female,Phone,Accessories,Karachi,XL,Red,1,No,Express,No,Cash,Yearly
866,37,Male,Laptop,Electronics,Lahore,S,Blue,3,No,Standard,No,Cash,Yearly
867,31,Female,Shirt,Accessories,Karachi,S,Black,2,No,Express,No,Cash,Yearly
868,57,Female,Watch,Clothing,Rawalpindi,L,Red,4,No,Standard,No,Card,Monthly
869,46,Female,Headphones,Accessories,Rawalpindi,S,White,2,No,Standard,No,Online,Weekly
870,29,Female,Headphones,Electronics,Rawalpindi,M,Blue,3,Yes,Standard,Yes,Cash,Monthly
871,18,Male,Watch,Accessories,Islamabad,M,Black,3,No,Standard,No,Card,Weekly
872,32,Male,Headphones,Accessories,Islamabad,S,White,1,Yes,Express,No,Cash,Monthly
873,40,Female,Headphones,Electronics,Islamabad,XL,Blue,4,Yes,Express,Yes,Cash,Monthly
874,29,Female,Shoes,Accessories,Islamabad,XL,Red,5,Yes,Standard,Yes,Cash,Yearly
875,32,Female,Bag,Clothing,Rawalpindi,S,Green,1,No,Express,No,Cash,Yearly
876,38,Female,Watch,Clothing,Faisalabad,L,Green,1,Yes,Standard,No,Cash,Monthly
877,47,Female,Shirt,Clothing,Karachi,M,Red,4,Yes,Standard,No,Cash,Monthly
878,32,Female,Phone,Electronics,Karachi,XL,Black,3,No,Express,Yes,Online,Weekly
879,47,Male,Shoes,Electronics,Karachi,S,Blue,5,Yes,Standard,Yes,Cash,Weekly
880,56,Male,Headphones,Clothing,Lahore,XL,Blue,5,No,Standard,No,Card,Yearly
881,48,Female,Bag,Clothing,Rawalpindi,XL,Black,5,Yes,Express,Yes,Online,Yearly
882,38,Male,Phone,Electronics,Rawalpindi,S,Blue,3,Yes,Standard,No,Cash,Yearly
883,53,Male,Watch,Electronics,Karachi,L,Black,1,Yes,Express,Yes,Cash,Monthly
884,40,Male,Shirt,Clothing,Karachi,L,Red,4,Yes,Express,Yes,Card,Weekly
885,50,Female,Shirt,Clothing,Faisalabad,XL,White,2,Yes,Standard,No,Cash,Weekly
886,45,Female,Phone,Electronics,Islamabad,S,White,4,Yes,Express,Yes,Online,Weekly
887,32,Female,Phone,Clothing,Faisalabad,S,Blue,3,Yes,Express,No,Cash,Weekly
888,58,Female,Headphones,Clothing,Islamabad,XL,Green,2,Yes,Standard,No,Online,Monthly
889,42,Female,Phone,Accessories,Islamabad,L,White,2,Yes,Express,No,Cash,Monthly
890,21,Female,Headphones,Electronics,Rawalpindi,S,Blue,1,Yes,Express,Yes,Online,Yearly
891,30,Female,Headphones,Clothing,Islamabad,M,White,1,No,Standard,No,Cash,Monthly
892,54,Male,Watch,Clothing,Lahore,XL,Red,5,No,Standard,No,Online,Weekly
893,40,Female,Phone,Clothing,Karachi,M,White,5,Yes,Express,Yes,Card,Monthly
894,57,Male,Shoes,Accessories,Lahore,L,White,1,No,Standard,No,Card,Yearly
895,40,Male,Watch,Accessories,Lahore,L,Red,4,No,Standard,No,Online,Yearly
896,52,Male,Headphones,Accessories,Faisalabad,S,Blue,3,No,Express,Yes,Online,Monthly
897,27,Female,Bag,Accessories,Faisalabad,XL,Green,5,No,Standard,Yes,Card,Weekly
898,47,Male,Shoes,Clothing,Lahore,M,Blue,3,No,Express,Yes,Online,Yearly
899,21,Male,Headphones,Electronics,Karachi,L,Black,5,No,Standard,No,Card,Monthly
900,39,Male,Shoes,Clothing,Islamabad,S,Black,1,No,Standard,No,Cash,Weekly
901,27,Female,Laptop,Accessories,Rawalpindi,XL,Red,2,Yes,Express,No,Online,Yearly
902,38,Female,Shirt,Clothing,Rawalpindi,XL,Black,2,No,Standard,No,Card,Weekly
903,29,Female,Shoes,Accessories,Lahore,M,Blue,1,No,Express,No,Online,Monthly
904,51,Male,Shirt,Accessories,Lahore,L,Green,1,No,Standard,Yes,Online,Monthly
905,33,Male,Phone,Electronics,Karachi,L,Red,2,Yes,Express,Yes,Card,Yearly
906,35,Female,Watch,Electronics,Karachi,M,Black,5,Yes,Standard,Yes,Online,Monthly
907,34,Female,Shirt,Clothing,Faisalabad,S,White,1,Yes,Express,Yes,Online,Weekly
908,43,Male,Laptop,Electronics,Karachi,S,Red,3,No,Standard,No,Online,Weekly
909,60,Male,Shoes,Electronics,Karachi,M,Green,3,No,Standard,No,Cash,Weekly
910,31,Male,Watch,Electronics,Islamabad,XL,White,2,No,Express,Yes,Card,Monthly
911,34,Female,Phone,Electronics,Karachi,S,Black,5,Yes,Standard,No,Cash,Monthly
912,23,Male,Bag,Electronics,Lahore,S,Blue,3,Yes,Express,Yes,Card,Weekly
913,24,Male,Laptop,Accessories,Faisalabad,M,White,4,No,Express,Yes,Card,Weekly
914,24,Female,Shoes,Accessories,Faisalabad,M,White,2,No,Express,Yes,Card,Monthly
915,34,Male,Watch,Accessories,Karachi,L,Green,5,No,Express,No,Online,Monthly
916,24,Male,Shoes,Clothing,Karachi,L,Blue,1,No,Standard,Yes,Cash,Monthly
917,21,Male,Shirt,Accessories,Islamabad,M,Black,2,No,Express,Yes,Card,Yearly
918,56,Male,Watch,Accessories,Faisalabad,M,White,5,Yes,Express,Yes,Card,Monthly
919,57,Male,Laptop,Electronics,Islamabad,L,Red,4,No,Standard,No,Card,Yearly
920,37,Male,Shirt,Electronics,Karachi,M,Blue,5,Yes,Standard,Yes,Card,Weekly
921,42,Male,Bag,Clothing,Rawalpindi,XL,Blue,4,No,Standard,Yes,Card,Yearly
922,39,Female,Headphones,Electronics,Islamabad,XL,Green,4,Yes,Express,No,Cash,Yearly
923,40,Female,Shirt,Electronics,Islamabad,L,Blue,2,Yes,Express,No,Online,Weekly
924,34,Female,Phone,Accessories,Islamabad,L,Black,4,Yes,Standard,No,Cash,Monthly
925,24,Male,Watch,Electronics,Faisalabad,L,Black,2,Yes,Express,No,Card,Monthly
926,53,Female,Laptop,Clothing,Karachi,L,Blue,5,No,Standard,Yes,Card,Weekly
927,47,Male,Shirt,Clothing,Lahore,L,Red,5,No,Express,No,Online,Yearly
928,38,Male,Laptop,Clothing,Islamabad,M,Black,5,Yes,Express,Yes,Cash,Yearly
929,34,Male,Bag,Clothing,Rawalpindi,M,Blue,4,Yes,Standard,Yes,Online,Monthly
930,37,Female,Headphones,Accessories,Lahore,S,Red,1,Yes,Express,Yes,Online,Monthly
931,50,Female,Shirt,Accessories,Faisalabad,M,White,5,No,Standard,Yes,Card,Monthly
932,55,Female,Shirt,Electronics,Islamabad,M,Black,1,No,Standard,Yes,Cash,Monthly
933,55,Male,Headphones,Accessories,Rawalpindi,M,Black,4,Yes,Standard,Yes,Card,Weekly
934,33,Female,Phone,Electronics,Islamabad,M,Red,2,Yes,Express,Yes,Cash,Yearly
935,56,Male,Phone,Clothing,Rawalpindi,L,White,4,Yes,Standard,No,Card,Weekly
936,41,Female,Laptop,Clothing,Islamabad,S,Black,1,No,Express,No,Online,Yearly
937,50,Female,Shirt,Electronics,Islamabad,XL,Red,3,No,Standard,No,Online,Yearly
938,44,Female,Headphones,Electronics,Rawalpindi,S,White,2,No,Express,No,Cash,Weekly
939,39,Female,Bag,Accessories,Rawalpindi,S,White,5,Yes,Standard,No,Cash,Monthly
940,25,Female,Bag,Accessories,Islamabad,M,Green,5,No,Express,Yes,Card,Yearly
941,24,Female,Headphones,Electronics,Rawalpindi,L,Black,3,No,Standard,No,Card,Monthly
942,29,Female,Watch,Clothing,Lahore,XL,Black,1,No,Standard,Yes,Online,Weekly
943,40,Female,Laptop,Clothing,Karachi,XL,White,4,Yes,Standard,No,Cash,Yearly
944,45,Female,Shoes,Electronics,Faisalabad,L,Green,3,Yes,Express,Yes,Online,Weekly
945,19,Female,Bag,Clothing,Islamabad,XL,Black,2,Yes,Standard,Yes,Cash,Monthly
946,43,Female,Shoes,Accessories,Islamabad,L,Black,4,Yes,Express,Yes,Card,Monthly
947,58,Male,Bag,Electronics,Lahore,M,Black,4,No,Standard,No,Cash,Yearly
948,50,Female,Phone,Clothing,Karachi,XL,Black,5,No,Standard,Yes,Cash,Yearly
949,25,Male,Laptop,Accessories,Karachi,XL,Black,1,No,Express,No,Cash,Monthly
950,56,Female,Watch,Accessories,Islamabad,S,Green,3,Yes,Express,Yes,Card,Yearly
951,42,Male,Shoes,Clothing,Karachi,S,Red,4,Yes,Express,Yes,Card,Monthly
952,43,Male,Watch,Accessories,Faisalabad,M,Blue,5,Yes,Express,Yes,Cash,Monthly
953,36,Male,Watch,Clothing,Karachi,S,Red,5,No,Standard,Yes,Online,Monthly
954,29,Male,Phone,Clothing,Faisalabad,S,Green,2,Yes,Express,No,Card,Monthly
955,20,Female,Shoes,Clothing,Islamabad,L,Red,3,Yes,Standard,No,Card,Monthly
956,54,Male,Headphones,Electronics,Islamabad,XL,Blue,5,Yes,Standard,No,Cash,Weekly
957,32,Male,Shirt,Accessories,Faisalabad,S,Red,5,Yes,Standard,Yes,Cash,Weekly
958,34,Female,Laptop,Electronics,Rawalpindi,S,Blue,5,No,Express,No,Online,Weekly
959,49,Female,Shirt,Electronics,Rawalpindi,M,Blue,3,No,Standard,Yes,Cash,Yearly
960,30,Female,Bag,Clothing,Lahore,L,Red,1,No,Standard,Yes,Cash,Monthly
961,32,Male,Laptop,Electronics,Karachi,S,Red,3,No,Standard,Yes,Online,Monthly
962,53,Female,Shirt,Electronics,Lahore,L,Blue,2,Yes,Standard,Yes,Online,Monthly
963,35,Female,Laptop,Accessories,Islamabad,S,Blue,2,No,Standard,Yes,Cash,Weekly
964,21,Male,Shirt,Accessories,Lahore,S,Blue,5,No,Standard,No,Online,Yearly
965,35,Female,Shirt,Accessories,Islamabad,M,Blue,4,No,Standard,No,Online,Weekly
966,40,Female,Laptop,Clothing,Faisalabad,M,Blue,5,No,Standard,Yes,Card,Monthly
967,52,Male,Phone,Accessories,Rawalpindi,XL,Black,3,Yes,Express,No,Card,Yearly
968,39,Female,Laptop,Clothing,Islamabad,S,White,5,Yes,Standard,No,Cash,Monthly
969,35,Female,Shoes,Accessories,Rawalpindi,XL,Blue,2,No,Express,No,Cash,Monthly
970,57,Male,Shirt,Electronics,Lahore,M,Black,2,Yes,Standard,Yes,Card,Weekly
971,33,Female,Headphones,Accessories,Islamabad,S,Red,5,No,Express,No,Cash,Weekly
972,25,Female,Shoes,Accessories,Islamabad,L,White,4,Yes,Standard,Yes,Cash,Monthly
973,51,Female,Shirt,Accessories,Karachi,S,White,3,No,Express,No,Cash,Monthly
974,40,Female,Watch,Accessories,Karachi,L,White,4,No,Standard,Yes,Online,Yearly
975,28,Female,Phone,Accessories,Faisalabad,L,Green,2,No,Express,Yes,Online,Monthly
976,19,Female,Laptop,Clothing,Islamabad,XL,Green,2,No,Standard,Yes,Online,Weekly
977,56,Male,Headphones,Clothing,Karachi,M,Green,4,No,Standard,No,Online,Monthly
978,23,Male,Watch,Accessories,Faisalabad,L,Green,4,No,Express,No,Card,Weekly
979,60,Male,Laptop,Accessories,Rawalpindi,XL,White,2,Yes,Standard,No,Card,Yearly
980,45,Female,Watch,Accessories,Karachi,XL,Blue,1,No,Express,Yes,Card,Weekly
981,44,Female,Watch,Accessories,Rawalpindi,M,Black,3,Yes,Standard,Yes,Online,Monthly
982,59,Male,Watch,Electronics,Faisalabad,M,Blue,2,Yes,Standard,No,Card,Monthly
983,53,Female,Headphones,Clothing,Karachi,S,Blue,3,Yes,Standard,No,Cash,Yearly
984,58,Female,Shirt,Electronics,Rawalpindi,L,Blue,4,No,Express,No,Card,Monthly
985,20,Male,Shirt,Clothing,Karachi,XL,Red,3,No,Express,Yes,Online,Weekly
986,34,Male,Watch,Clothing,Islamabad,L,Red,1,No,Standard,No,Cash,Monthly
987,30,Male,Shoes,Electronics,Karachi,S,Black,5,Yes,Express,No,Cash,Weekly
988,23,Female,Phone,Accessories,Rawalpindi,S,Blue,1,Yes,Standard,Yes,Cash,Weekly
989,51,Male,Bag,Clothing,Islamabad,S,Blue,4,No,Standard,No,Card,Monthly
990,33,Male,Shoes,Electronics,Karachi,L,Blue,3,Yes,Express,Yes,Online,Yearly
991,20,Male,Laptop,Electronics,Islamabad,M,Blue,5,No,Standard,No,Card,Weekly
992,18,Male,Shoes,Electronics,Rawalpindi,L,Green,4,No,Standard,Yes,Online,Weekly
993,58,Male,Laptop,Electronics,Rawalpindi,M,White,3,Yes,Express,No,Cash,Weekly
994,60,Female,Laptop,Clothing,Rawalpindi,L,Red,5,No,Standard,Yes,Cash,Yearly
995,51,Male,Laptop,Electronics,Rawalpindi,M,Black,1,Yes,Express,No,Cash,Yearly
996,51,Male,Headphones,Accessories,Rawalpindi,XL,Green,3,Yes,Standard,No,Cash,Yearly
997,52,Female,Shoes,Electronics,Lahore,L,Black,4,No,Express,No,Cash,Yearly
998,49,Female,Headphones,Clothing,Rawalpindi,M,White,5,Yes,Express,Yes,Card,Weekly
999,27,Male,Shirt,Clothing,Faisalabad,XL,White,1,No,Standard,No,Online,Monthly
1000,35,Male,Phone,Accessories,Islamabad,L,Blue,1,Yes,Standard,Yes,Cash,Yearly
